Symbol,Date,Open,High,Low,Close,Volume,Sector,Index
,,VCL.NS,VCL.NS,VCL.NS,VCL.NS,VCL.NS,,
VCL,2022-04-19,10.881560325622559,10.881560325622559,9.883687019348145,10.216312408447266,5674355,,NSE
VCL,2022-04-20,10.691489219665527,10.691489219665527,10.026241302490234,10.19255256652832,5516578,,NSE
VCL,2022-04-21,10.263829231262207,10.691489219665527,9.764892578125,10.667730331420898,5697559,,NSE
VCL,2022-04-22,11.14290714263916,11.190424919128418,10.572694778442383,11.190424919128418,2534984,,NSE
VCL,2022-04-25,11.59432601928711,11.736879348754883,10.786523818969727,11.736879348754883,2817316,,NSE
VCL,2022-04-26,12.164539337158203,12.164539337158203,11.475530624389648,11.760638236999512,1654597,,NSE
VCL,2022-04-27,11.428013801574707,11.855672836303711,11.309219360351562,11.59432601928711,1289531,,NSE
VCL,2022-04-28,12.164539337158203,12.164539337158203,11.87943172454834,12.140780448913574,3383164,,NSE
VCL,2022-04-29,12.734750747680664,12.734750747680664,11.546808242797852,12.188297271728516,4295988,,NSE
VCL,2022-05-02,12.782268524169922,12.782268524169922,11.903190612792969,12.758509635925293,4989343,,NSE
VCL,2022-05-04,13.376240730285645,13.376240730285645,13.019858360290527,13.376240730285645,5642260,,NSE
VCL,2022-05-05,13.732624053955078,14.041488647460938,13.661347389221191,14.017729759216309,7271643,,NSE
VCL,2022-05-06,14.540425300598145,14.70673656463623,14.017729759216309,14.682977676391602,7666357,,NSE
VCL,2022-05-09,15.110637664794922,15.395744323730469,14.825531005859375,15.395744323730469,7686109,,NSE
VCL,2022-05-10,15.704608917236328,16.156028747558594,15.704608917236328,16.13226890563965,8144793,,NSE
VCL,2022-05-11,16.773757934570312,16.916311264038086,16.63120460510254,16.916311264038086,6851709,,NSE
VCL,2022-05-12,17.72411346435547,17.74787139892578,16.08475112915039,16.654964447021484,12936667,,NSE
VCL,2022-05-13,15.823404312133789,15.823404312133789,15.823404312133789,15.823404312133789,197888,,NSE
VCL,2022-05-16,15.039361000061035,15.039361000061035,15.039361000061035,15.039361000061035,63014,,NSE
VCL,2022-05-17,14.302836418151855,14.302836418151855,14.302836418151855,14.302836418151855,57349,,NSE
VCL,2022-05-18,13.590069770812988,13.590069770812988,13.590069770812988,13.590069770812988,80399,,NSE
VCL,2022-05-19,12.924821853637695,12.924821853637695,12.924821853637695,12.924821853637695,39351,,NSE
VCL,2022-05-20,12.402127265930176,13.566311836242676,12.402127265930176,13.566311836242676,6572923,,NSE
VCL,2022-05-23,14.112765312194824,14.231559753417969,13.875177383422852,14.231559753417969,3179499,,NSE
VCL,2022-05-24,14.682977676391602,14.92056655883789,14.20780086517334,14.92056655883789,3633519,,NSE
VCL,2022-05-25,15.443262100219727,15.657092094421387,15.443262100219727,15.657092094421387,3121222,,NSE
VCL,2022-05-26,16.346099853515625,16.417375564575195,14.896807670593262,14.896807670593262,3136483,,NSE
VCL,2022-05-27,14.160283088684082,14.160283088684082,14.160283088684082,14.160283088684082,112446,,NSE
VCL,2022-05-30,13.47127628326416,13.47127628326416,13.47127628326416,13.47127628326416,134065,,NSE
VCL,2022-05-31,12.806028366088867,12.806028366088867,12.806028366088867,12.806028366088867,170877,,NSE
VCL,2022-06-01,12.188297271728516,12.568438529968262,12.188297271728516,12.188297271728516,1874613,,NSE
VCL,2022-06-02,11.59432601928711,11.59432601928711,11.59432601928711,11.59432601928711,298964,,NSE
VCL,2022-06-03,11.024112701416016,11.024112701416016,11.024112701416016,11.024112701416016,163566,,NSE
VCL,2022-06-06,10.477659225463867,10.477659225463867,10.477659225463867,10.477659225463867,117076,,NSE
VCL,2022-06-07,9.954963684082031,9.954963684082031,9.954963684082031,9.954963684082031,195379,,NSE
VCL,2022-06-08,9.47978687286377,9.47978687286377,9.47978687286377,9.47978687286377,86639,,NSE
VCL,2022-06-09,9.02836799621582,9.02836799621582,9.02836799621582,9.02836799621582,194127,,NSE
VCL,2022-06-10,8.576950073242188,9.47978687286377,8.576950073242188,9.432269096374512,2997417,,NSE
VCL,2022-06-13,9.503545761108398,9.883687019348145,9.47978687286377,9.883687019348145,3069071,,NSE
VCL,2022-06-14,9.931204795837402,10.358864784240723,9.408510208129883,9.527303695678711,2347452,,NSE
VCL,2022-06-15,9.05212688446045,9.05212688446045,9.05212688446045,9.05212688446045,135143,,NSE
VCL,2022-06-16,8.600708961486816,8.600708961486816,8.600708961486816,8.600708961486816,144034,,NSE
VCL,2022-06-17,8.173048973083496,8.173048973083496,8.173048973083496,8.173048973083496,415002,,NSE
VCL,2022-06-20,7.769147872924805,8.553191184997559,7.769147872924805,7.769147872924805,1233663,,NSE
VCL,2022-06-21,7.6028361320495605,7.84042501449585,7.389007091522217,7.389007091522217,677246,,NSE
VCL,2022-06-22,7.032623767852783,7.032623767852783,7.032623767852783,7.032623767852783,67957,,NSE
VCL,2022-06-23,6.69999885559082,6.69999885559082,6.69999885559082,6.69999885559082,91088,,NSE
VCL,2022-06-24,6.367374897003174,6.367374897003174,6.367374897003174,6.367374897003174,140284,,NSE
VCL,2022-06-27,6.177303791046143,6.2960991859436035,6.058509826660156,6.058509826660156,342415,,NSE
VCL,2022-06-28,5.773404121398926,5.773404121398926,5.773404121398926,5.773404121398926,148089,,NSE
VCL,2022-06-29,5.702126979827881,6.058509826660156,5.5358147621154785,6.058509826660156,686474,,NSE
VCL,2022-06-30,6.343616962432861,6.343616962432861,6.343616962432861,6.343616962432861,248869,,NSE
VCL,2022-07-01,6.652482032775879,6.652482032775879,6.652482032775879,6.652482032775879,287627,,NSE
VCL,2022-07-04,6.652482032775879,6.985105991363525,6.319858074188232,6.9613471031188965,3054979,,NSE
VCL,2022-07-05,7.246452808380127,7.293971061706543,7.127658843994141,7.293971061706543,1209468,,NSE
VCL,2022-07-06,7.6265950202941895,7.650353908538818,6.937588214874268,6.937588214874268,2115477,,NSE
VCL,2022-07-07,6.604963779449463,7.151418209075928,6.604963779449463,6.795034885406494,749097,,NSE
VCL,2022-07-08,6.937588214874268,7.127658843994141,6.557446002960205,6.69999885559082,798192,,NSE
VCL,2022-07-11,6.818793773651123,6.818793773651123,6.367374897003174,6.391133785247803,1177646,,NSE
VCL,2022-07-12,6.62872314453125,6.69999885559082,6.129786968231201,6.224822044372559,604256,,NSE
VCL,2022-07-13,6.41489315032959,6.438652038574219,5.963475227355957,6.129786968231201,546532,,NSE
VCL,2022-07-14,6.224822044372559,6.2960991859436035,5.892198085784912,6.106028079986572,507305,,NSE
VCL,2022-07-15,6.2485809326171875,6.2485809326171875,5.868439197540283,5.892198085784912,512646,,NSE
VCL,2022-07-18,6.058509826660156,6.177303791046143,5.93971586227417,6.177303791046143,2521879,,NSE
VCL,2022-07-19,6.177303791046143,6.486169815063477,6.15354585647583,6.486169815063477,1709965,,NSE
VCL,2022-07-20,6.62872314453125,6.795034885406494,6.62872314453125,6.795034885406494,4003724,,NSE
VCL,2022-07-21,6.937588214874268,6.9613471031188965,6.462410926818848,6.69999885559082,3420466,,NSE
VCL,2022-07-22,6.795034885406494,6.795034885406494,6.367374897003174,6.367374897003174,1275986,,NSE
VCL,2022-07-25,6.058509826660156,6.224822044372559,6.058509826660156,6.058509826660156,962101,,NSE
VCL,2022-07-26,5.892198085784912,6.058509826660156,5.797163009643555,5.844679832458496,553121,,NSE
VCL,2022-07-27,5.892198085784912,6.129786968231201,5.630850791931152,6.129786968231201,1572949,,NSE
VCL,2022-07-28,6.058509826660156,6.224822044372559,5.844679832458496,5.868439197540283,1272356,,NSE
VCL,2022-07-29,5.844679832458496,5.987234115600586,5.5833330154418945,5.654609203338623,1006005,,NSE
VCL,2022-08-01,5.797163009643555,5.868439197540283,5.5358147621154785,5.654609203338623,1153834,,NSE
VCL,2022-08-02,5.749645233154297,5.773404121398926,5.464539051055908,5.559574127197266,770495,,NSE
VCL,2022-08-03,5.678368091583252,5.797163009643555,5.369503021240234,5.488296985626221,957808,,NSE
VCL,2022-08-04,5.51205587387085,5.749645233154297,5.2982258796691895,5.369503021240234,843270,,NSE
VCL,2022-08-05,5.369503021240234,5.5358147621154785,5.226950168609619,5.250709056854248,517137,,NSE
VCL,2022-08-08,5.179431915283203,5.369503021240234,4.799290180206299,4.894326210021973,691148,,NSE
VCL,2022-08-10,4.989360809326172,5.369503021240234,4.941843032836914,5.3457441329956055,1347755,,NSE
VCL,2022-08-11,5.51205587387085,5.868439197540283,5.51205587387085,5.868439197540283,1943821,,NSE
VCL,2022-08-12,5.892198085784912,5.892198085784912,5.464539051055908,5.630850791931152,956329,,NSE
VCL,2022-08-16,5.630850791931152,5.630850791931152,5.179431915283203,5.2982258796691895,757841,,NSE
VCL,2022-08-17,5.2982258796691895,5.559574127197266,5.131914138793945,5.274467945098877,549841,,NSE
VCL,2022-08-18,5.226950168609619,5.369503021240234,5.226950168609619,5.250709056854248,317967,,NSE
VCL,2022-08-19,5.3457441329956055,5.3457441329956055,5.226950168609619,5.250709056854248,535244,,NSE
VCL,2022-08-22,5.417020797729492,5.417020797729492,4.799290180206299,4.989360809326172,679939,,NSE
VCL,2022-08-23,4.989360809326172,5.226950168609619,4.989360809326172,5.108156204223633,238205,,NSE
VCL,2022-08-24,5.203190803527832,5.203190803527832,5.036879062652588,5.084396839141846,233035,,NSE
VCL,2022-08-25,5.203190803527832,5.203190803527832,4.989360809326172,5.013120174407959,405478,,NSE
VCL,2022-08-26,4.989360809326172,5.131914138793945,4.894326210021973,5.013120174407959,686278,,NSE
VCL,2022-08-29,4.989360809326172,5.274467945098877,4.846807956695557,5.155673027038574,685950,,NSE
VCL,2022-08-30,5.203190803527832,5.2982258796691895,4.989360809326172,5.108156204223633,491967,,NSE
VCL,2022-09-01,5.036879062652588,5.274467945098877,5.036879062652588,5.060637950897217,525445,,NSE
VCL,2022-09-02,5.084396839141846,5.179431915283203,4.894326210021973,5.036879062652588,546901,,NSE
VCL,2022-09-05,5.036879062652588,5.108156204223633,4.965601921081543,5.013120174407959,400069,,NSE
VCL,2022-09-06,5.013120174407959,5.060637950897217,4.846807956695557,4.918085098266602,375842,,NSE
VCL,2022-09-07,4.8705668449401855,5.036879062652588,4.8705668449401855,4.918085098266602,380857,,NSE
VCL,2022-09-08,5.036879062652588,5.036879062652588,4.846807956695557,4.941843032836914,274691,,NSE
VCL,2022-09-09,5.084396839141846,5.084396839141846,4.846807956695557,4.918085098266602,336632,,NSE
VCL,2022-09-12,5.060637950897217,5.393261909484863,4.989360809326172,5.393261909484863,2627541,,NSE
VCL,2022-09-13,5.2982258796691895,5.417020797729492,5.108156204223633,5.203190803527832,1665902,,NSE
VCL,2022-09-14,4.989360809326172,5.488296985626221,4.941843032836914,5.060637950897217,1134090,,NSE
VCL,2022-09-15,5.203190803527832,5.274467945098877,4.989360809326172,5.036879062652588,846079,,NSE
VCL,2022-09-16,4.965601921081543,5.155673027038574,4.894326210021973,4.918085098266602,569379,,NSE
VCL,2022-09-19,5.108156204223633,5.108156204223633,4.775530815124512,4.941843032836914,324409,,NSE
VCL,2022-09-20,5.013120174407959,5.203190803527832,4.8705668449401855,4.989360809326172,695988,,NSE
VCL,2022-09-21,4.989360809326172,5.084396839141846,4.894326210021973,4.918085098266602,340977,,NSE
VCL,2022-09-22,4.918085098266602,4.965601921081543,4.799290180206299,4.894326210021973,508601,,NSE
VCL,2022-09-23,4.941843032836914,4.965601921081543,4.846807956695557,4.894326210021973,202349,,NSE
VCL,2022-09-26,4.894326210021973,4.941843032836914,4.751772880554199,4.823049068450928,257628,,NSE
VCL,2022-09-27,4.965601921081543,4.965601921081543,4.751772880554199,4.823049068450928,337139,,NSE
VCL,2022-09-28,4.823049068450928,4.823049068450928,4.585460186004639,4.6804962158203125,215538,,NSE
VCL,2022-09-29,4.72801399230957,4.799290180206299,4.324112892150879,4.490425109863281,346994,,NSE
VCL,2022-09-30,4.490425109863281,4.561701774597168,4.157801151275635,4.324112892150879,380304,,NSE
VCL,2022-10-03,4.419147968292236,4.751772880554199,4.324112892150879,4.751772880554199,372172,,NSE
VCL,2022-10-04,4.941843032836914,4.941843032836914,4.51418399810791,4.751772880554199,261794,,NSE
VCL,2022-10-06,4.751772880554199,4.823049068450928,4.609219074249268,4.6804962158203125,126329,,NSE
VCL,2022-10-07,4.6804962158203125,4.751772880554199,4.609219074249268,4.6329779624938965,96848,,NSE
VCL,2022-10-10,4.846807956695557,4.846807956695557,4.561701774597168,4.6329779624938965,311542,,NSE
VCL,2022-10-11,4.609219074249268,4.751772880554199,4.466666221618652,4.537942886352539,177148,,NSE
VCL,2022-10-12,4.537942886352539,4.6804962158203125,4.442906856536865,4.490425109863281,161184,,NSE
VCL,2022-10-13,4.442906856536865,4.51418399810791,4.157801151275635,4.252836227416992,437678,,NSE
VCL,2022-10-14,4.347871780395508,4.442906856536865,4.134041786193848,4.252836227416992,393657,,NSE
VCL,2022-10-17,4.276595115661621,5.084396839141846,3.611346960067749,4.51418399810791,1137819,,NSE
VCL,2022-10-18,4.51418399810791,4.704255104064941,4.324112892150879,4.609219074249268,289696,,NSE
VCL,2022-10-19,4.656736850738525,4.751772880554199,4.51418399810791,4.561701774597168,205026,,NSE
VCL,2022-10-20,4.561701774597168,4.941843032836914,4.371631145477295,4.8705668449401855,1347903,,NSE
VCL,2022-10-21,5.108156204223633,5.131914138793945,4.775530815124512,4.8705668449401855,475999,,NSE
VCL,2022-10-24,4.8705668449401855,5.060637950897217,4.395390033721924,4.941843032836914,158254,,NSE
VCL,2022-10-25,4.989360809326172,4.989360809326172,4.775530815124512,4.8705668449401855,194281,,NSE
VCL,2022-10-27,4.799290180206299,4.989360809326172,4.656736850738525,4.823049068450928,205866,,NSE
VCL,2022-10-28,5.013120174407959,5.013120174407959,4.609219074249268,4.72801399230957,190655,,NSE
VCL,2022-10-31,4.72801399230957,4.846807956695557,4.347871780395508,4.751772880554199,160767,,NSE
VCL,2022-11-01,4.751772880554199,4.846807956695557,4.371631145477295,4.72801399230957,260772,,NSE
VCL,2022-11-02,4.799290180206299,4.799290180206299,4.656736850738525,4.6804962158203125,113500,,NSE
VCL,2022-11-03,4.6329779624938965,5.464539051055908,4.6329779624938965,5.155673027038574,1304957,,NSE
VCL,2022-11-04,5.3457441329956055,5.702126979827881,4.989360809326172,5.5358147621154785,2303182,,NSE
VCL,2022-11-07,5.51205587387085,5.559574127197266,5.013120174407959,5.321984767913818,1054450,,NSE
VCL,2022-11-09,5.51205587387085,5.51205587387085,4.941843032836914,5.108156204223633,4269444,,NSE
VCL,2022-11-10,5.226950168609619,5.226950168609619,4.609219074249268,4.704255104064941,874892,,NSE
VCL,2022-11-11,4.799290180206299,4.941843032836914,4.276595115661621,4.561701774597168,976397,,NSE
VCL,2022-11-14,4.656736850738525,4.799290180206299,4.609219074249268,4.6804962158203125,522548,,NSE
VCL,2022-11-15,4.751772880554199,4.751772880554199,4.371631145477295,4.490425109863281,824195,,NSE
VCL,2022-11-16,4.490425109863281,4.609219074249268,4.419147968292236,4.490425109863281,267609,,NSE
VCL,2022-11-17,4.442906856536865,5.084396839141846,4.442906856536865,4.989360809326172,4432920,,NSE
VCL,2022-11-18,5.179431915283203,5.369503021240234,4.775530815124512,4.965601921081543,4000306,,NSE
VCL,2022-11-21,5.013120174407959,5.250709056854248,4.8705668449401855,4.965601921081543,997795,,NSE
VCL,2022-11-22,5.036879062652588,5.250709056854248,4.894326210021973,5.179431915283203,4246435,,NSE
VCL,2022-11-23,5.036879062652588,5.393261909484863,5.036879062652588,5.179431915283203,3413115,,NSE
VCL,2022-11-24,5.179431915283203,5.2982258796691895,4.751772880554199,4.846807956695557,2206982,,NSE
VCL,2022-11-25,4.775530815124512,4.894326210021973,4.205318927764893,4.276595115661621,6584167,,NSE
VCL,2022-11-28,4.347871780395508,4.442906856536865,3.7301409244537354,3.7776589393615723,5656503,,NSE
VCL,2022-11-29,3.8964529037475586,3.9202120304107666,3.7539000511169434,3.7776589393615723,1946305,,NSE
VCL,2022-11-30,3.872694969177246,3.872694969177246,3.468794107437134,3.635106086730957,3215368,,NSE
VCL,2022-12-01,3.635106086730957,3.7539000511169434,3.5163118839263916,3.611346960067749,1475988,,NSE
VCL,2022-12-02,3.682624101638794,3.7063820362091064,3.421276092529297,3.468794107437134,2075566,,NSE
VCL,2022-12-05,3.540070056915283,3.8014180660247803,3.5163118839263916,3.611346960067749,6398228,,NSE
VCL,2022-12-06,3.658864974975586,3.8964529037475586,3.540070056915283,3.563828945159912,15464305,,NSE
VCL,2022-12-07,3.635106086730957,3.658864974975586,3.3262410163879395,3.397516965866089,5192333,,NSE
VCL,2022-12-08,3.468794107437134,3.468794107437134,3.0648930072784424,3.1124110221862793,3904681,,NSE
VCL,2022-12-09,3.2074460983276367,3.2074460983276367,2.827303886413574,2.8510630130767822,5340553,,NSE
VCL,2022-12-12,2.946099042892456,3.136169910430908,2.708509922027588,3.136169910430908,4238194,,NSE
VCL,2022-12-13,3.37375807762146,3.445034980773926,3.2312049865722656,3.445034980773926,9067505,,NSE
VCL,2022-12-14,3.1836869716644287,3.468794107437134,3.136169910430908,3.37375807762146,4606855,,NSE
VCL,2022-12-15,3.37375807762146,3.5163118839263916,3.3262410163879395,3.349998950958252,1966510,,NSE
VCL,2022-12-16,3.349998950958252,3.421276092529297,3.0173749923706055,3.0173749923706055,6677711,,NSE
VCL,2022-12-19,2.946099042892456,3.2312049865722656,2.874821901321411,2.993617057800293,1735255,,NSE
VCL,2022-12-20,2.993617057800293,3.0886518955230713,2.827303886413574,2.8510630130767822,2666916,,NSE
VCL,2022-12-21,2.969857931137085,2.993617057800293,2.756027936935425,2.8510630130767822,1972775,,NSE
VCL,2022-12-22,2.898581027984619,2.946099042892456,2.779787063598633,2.8035459518432617,900430,,NSE
VCL,2022-12-23,2.8035459518432617,2.8510630130767822,2.5421979427337646,2.5897159576416016,1265929,,NSE
VCL,2022-12-26,2.6134750843048096,2.827303886413574,2.3996450901031494,2.8035459518432617,1142161,,NSE
VCL,2022-12-27,2.898581027984619,2.898581027984619,2.6134750843048096,2.756027936935425,867998,,NSE
VCL,2022-12-28,2.8035459518432617,2.8035459518432617,2.6134750843048096,2.708509922027588,1410385,,NSE
VCL,2022-12-29,2.708509922027588,2.756027936935425,2.660991907119751,2.732269048690796,530164,,NSE
VCL,2022-12-30,2.732269048690796,2.779787063598633,2.6134750843048096,2.732269048690796,398495,,NSE
VCL,2023-01-02,2.827303886413574,2.827303886413574,2.684751033782959,2.756027936935425,456294,,NSE
VCL,2023-01-03,2.708509922027588,2.8035459518432617,2.684751033782959,2.732269048690796,358264,,NSE
VCL,2023-01-04,2.779787063598633,2.779787063598633,2.660991907119751,2.708509922027588,371806,,NSE
VCL,2023-01-05,2.779787063598633,2.969857931137085,2.684751033782959,2.969857931137085,4352247,,NSE
VCL,2023-01-06,3.0411341190338135,3.0648930072784424,2.8510630130767822,2.874821901321411,1607471,,NSE
VCL,2023-01-09,2.898581027984619,3.1124110221862793,2.8035459518432617,2.922339916229248,1730097,,NSE
VCL,2023-01-10,2.946099042892456,2.993617057800293,2.8035459518432617,2.898581027984619,582635,,NSE
VCL,2023-01-11,2.946099042892456,2.969857931137085,2.8510630130767822,2.8510630130767822,453386,,NSE
VCL,2023-01-12,2.8035459518432617,2.8510630130767822,2.732269048690796,2.779787063598633,452898,,NSE
VCL,2023-01-13,2.8510630130767822,2.8510630130767822,2.708509922027588,2.756027936935425,540726,,NSE
VCL,2023-01-16,2.779787063598633,2.827303886413574,2.708509922027588,2.732269048690796,491052,,NSE
VCL,2023-01-17,2.732269048690796,2.8510630130767822,2.732269048690796,2.779787063598633,766865,,NSE
VCL,2023-01-18,2.827303886413574,2.898581027984619,2.779787063598633,2.8035459518432617,289197,,NSE
VCL,2023-01-19,2.8035459518432617,2.8510630130767822,2.779787063598633,2.8035459518432617,357919,,NSE
VCL,2023-01-20,2.8510630130767822,2.8510630130767822,2.732269048690796,2.732269048690796,360259,,NSE
VCL,2023-01-23,2.756027936935425,2.827303886413574,2.732269048690796,2.756027936935425,336152,,NSE
VCL,2023-01-24,2.756027936935425,2.8035459518432617,2.732269048690796,2.756027936935425,227677,,NSE
VCL,2023-01-25,2.8035459518432617,2.8035459518432617,2.684751033782959,2.708509922027588,421707,,NSE
VCL,2023-01-27,2.732269048690796,2.756027936935425,2.5659570693969727,2.6134750843048096,643776,,NSE
VCL,2023-01-30,2.6134750843048096,2.660991907119751,2.5184390544891357,2.5421979427337646,445839,,NSE
VCL,2023-01-31,2.5421979427337646,2.5897159576416016,2.4234039783477783,2.5659570693969727,362140,,NSE
VCL,2023-02-01,2.5659570693969727,2.5659570693969727,2.3283679485321045,2.3758859634399414,1355618,,NSE
VCL,2023-02-02,2.3521270751953125,2.4234039783477783,2.233333110809326,2.3046090602874756,901006,,NSE
VCL,2023-02-03,2.3521270751953125,2.4471631050109863,2.1620559692382812,2.3283679485321045,688048,,NSE
VCL,2023-02-06,2.3996450901031494,2.3996450901031494,2.257091999053955,2.3521270751953125,463279,,NSE
VCL,2023-02-07,2.4471631050109863,2.708509922027588,2.3758859634399414,2.660991907119751,1210727,,NSE
VCL,2023-02-08,2.898581027984619,3.1836869716644287,2.827303886413574,3.159929037094116,4963174,,NSE
VCL,2023-02-09,3.159929037094116,3.3262410163879395,2.898581027984619,2.969857931137085,2385964,,NSE
VCL,2023-02-10,3.0648930072784424,3.0648930072784424,2.8510630130767822,2.898581027984619,965296,,NSE
VCL,2023-02-13,2.969857931137085,3.0173749923706055,2.708509922027588,2.779787063598633,870763,,NSE
VCL,2023-02-14,2.756027936935425,2.874821901321411,2.756027936935425,2.827303886413574,675907,,NSE
VCL,2023-02-15,3.2787230014801025,3.421276092529297,3.1836869716644287,3.421276092529297,4355983,,NSE
VCL,2023-02-16,3.421276092529297,3.563828945159912,2.756027936935425,2.756027936935425,4888571,,NSE
VCL,2023-02-17,2.756027936935425,2.993617057800293,2.3758859634399414,2.8035459518432617,1198752,,NSE
VCL,2023-02-20,2.8510630130767822,2.898581027984619,2.660991907119751,2.708509922027588,598489,,NSE
VCL,2023-02-21,2.708509922027588,2.8035459518432617,2.6134750843048096,2.6134750843048096,430677,,NSE
VCL,2023-02-22,2.708509922027588,2.708509922027588,2.5659570693969727,2.6134750843048096,356537,,NSE
VCL,2023-02-23,2.660991907119751,2.708509922027588,2.470921039581299,2.5184390544891357,348359,,NSE
VCL,2023-02-24,2.5184390544891357,2.6134750843048096,2.3758859634399414,2.4234039783477783,555849,,NSE
VCL,2023-02-27,2.4234039783477783,2.470921039581299,2.1858150959014893,2.3283679485321045,838920,,NSE
VCL,2023-02-28,2.233333110809326,2.4234039783477783,2.233333110809326,2.3283679485321045,321679,,NSE
VCL,2023-03-01,2.4234039783477783,2.756027936935425,2.3283679485321045,2.6134750843048096,812646,,NSE
VCL,2023-03-02,2.660991907119751,2.660991907119751,2.4234039783477783,2.5184390544891357,692649,,NSE
VCL,2023-03-03,2.5659570693969727,2.660991907119751,2.4234039783477783,2.5184390544891357,487532,,NSE
VCL,2023-03-06,2.6134750843048096,2.6134750843048096,2.470921039581299,2.470921039581299,626035,,NSE
VCL,2023-03-08,2.470921039581299,2.5659570693969727,2.4234039783477783,2.470921039581299,385814,,NSE
VCL,2023-03-09,2.470921039581299,2.5184390544891357,2.4234039783477783,2.4234039783477783,379175,,NSE
VCL,2023-03-10,2.4234039783477783,2.470921039581299,2.3283679485321045,2.4234039783477783,386449,,NSE
VCL,2023-03-13,2.470921039581299,2.470921039581299,2.3283679485321045,2.4234039783477783,557260,,NSE
VCL,2023-03-14,2.470921039581299,2.5184390544891357,2.3758859634399414,2.3758859634399414,408757,,NSE
VCL,2023-03-15,2.3758859634399414,2.6134750843048096,2.3758859634399414,2.5184390544891357,963531,,NSE
VCL,2023-03-16,2.5184390544891357,2.5659570693969727,2.3758859634399414,2.5184390544891357,445381,,NSE
VCL,2023-03-17,2.470921039581299,2.5659570693969727,2.470921039581299,2.5184390544891357,303417,,NSE
VCL,2023-03-20,2.5184390544891357,2.5184390544891357,2.3758859634399414,2.4234039783477783,289762,,NSE
VCL,2023-03-21,2.3758859634399414,2.470921039581299,2.3758859634399414,2.4234039783477783,146236,,NSE
VCL,2023-03-22,2.4234039783477783,2.470921039581299,2.3758859634399414,2.4234039783477783,262981,,NSE
VCL,2023-03-23,2.3758859634399414,2.470921039581299,2.3758859634399414,2.4234039783477783,224076,,NSE
VCL,2023-03-24,2.4234039783477783,2.470921039581299,2.280850887298584,2.3283679485321045,418479,,NSE
VCL,2023-03-27,2.3283679485321045,2.3758859634399414,2.1858150959014893,2.233333110809326,393149,,NSE
VCL,2023-03-28,2.233333110809326,2.280850887298584,2.090780019760132,2.1382970809936523,489581,,NSE
VCL,2023-03-29,2.1858150959014893,2.4234039783477783,1.9007090330123901,2.1382970809936523,1430438,,NSE
VCL,2023-03-31,2.1382970809936523,2.233333110809326,2.090780019760132,2.090780019760132,450693,,NSE
VCL,2023-04-03,2.090780019760132,2.233333110809326,2.090780019760132,2.1382970809936523,399820,,NSE
VCL,2023-04-05,2.1382970809936523,2.233333110809326,2.090780019760132,2.1382970809936523,611970,,NSE
VCL,2023-04-06,2.1858150959014893,2.1858150959014893,1.995743989944458,2.090780019760132,1315667,,NSE
VCL,2023-04-10,2.090780019760132,2.1382970809936523,2.043262004852295,2.090780019760132,423415,,NSE
VCL,2023-04-11,2.1382970809936523,2.1858150959014893,2.090780019760132,2.1382970809936523,458041,,NSE
VCL,2023-04-12,2.1382970809936523,2.1858150959014893,2.090780019760132,2.1382970809936523,393073,,NSE
VCL,2023-04-13,2.1858150959014893,2.1858150959014893,2.090780019760132,2.1382970809936523,325995,,NSE
VCL,2023-04-17,2.1858150959014893,2.1858150959014893,2.090780019760132,2.1858150959014893,329097,,NSE
VCL,2023-04-18,2.1858150959014893,2.233333110809326,2.090780019760132,2.1382970809936523,405888,,NSE
VCL,2023-04-19,2.1382970809936523,2.1858150959014893,2.090780019760132,2.1382970809936523,256604,,NSE
VCL,2023-04-20,2.1858150959014893,2.1858150959014893,2.1382970809936523,2.1382970809936523,206171,,NSE
VCL,2023-04-21,2.1382970809936523,2.1858150959014893,2.1382970809936523,2.1382970809936523,332651,,NSE
VCL,2023-04-24,2.1382970809936523,2.1858150959014893,2.090780019760132,2.1382970809936523,370561,,NSE
VCL,2023-04-25,2.1858150959014893,2.1858150959014893,2.090780019760132,2.1382970809936523,346804,,NSE
VCL,2023-04-26,2.1858150959014893,2.233333110809326,2.090780019760132,2.1382970809936523,471194,,NSE
VCL,2023-04-27,2.1382970809936523,2.1858150959014893,2.1382970809936523,2.1382970809936523,188502,,NSE
VCL,2023-04-28,2.1382970809936523,2.233333110809326,2.1382970809936523,2.1382970809936523,406211,,NSE
VCL,2023-05-02,2.1382970809936523,2.233333110809326,2.090780019760132,2.1382970809936523,967566,,NSE
VCL,2023-05-03,2.1382970809936523,2.1858150959014893,2.090780019760132,2.1382970809936523,247203,,NSE
VCL,2023-05-04,2.1858150959014893,2.1858150959014893,2.090780019760132,2.1382970809936523,284306,,NSE
VCL,2023-05-05,2.090780019760132,2.1858150959014893,2.090780019760132,2.1382970809936523,294849,,NSE
VCL,2023-05-08,2.090780019760132,2.5659570693969727,2.090780019760132,2.280850887298584,3806964,,NSE
VCL,2023-05-09,2.3758859634399414,2.470921039581299,2.3283679485321045,2.4234039783477783,897685,,NSE
VCL,2023-05-10,2.470921039581299,2.708509922027588,2.470921039581299,2.6134750843048096,1799223,,NSE
VCL,2023-05-11,2.708509922027588,2.8035459518432617,2.5659570693969727,2.660991907119751,712838,,NSE
VCL,2023-05-12,2.660991907119751,2.708509922027588,2.470921039581299,2.5184390544891357,1187372,,NSE
VCL,2023-05-15,2.5184390544891357,2.5659570693969727,2.3758859634399414,2.4234039783477783,632896,,NSE
VCL,2023-05-16,2.3758859634399414,2.470921039581299,2.1858150959014893,2.3283679485321045,765454,,NSE
VCL,2023-05-17,2.3758859634399414,2.4234039783477783,2.3283679485321045,2.3758859634399414,494464,,NSE
VCL,2023-05-18,2.4234039783477783,2.4234039783477783,2.233333110809326,2.280850887298584,361064,,NSE
VCL,2023-05-19,2.3283679485321045,2.4234039783477783,2.280850887298584,2.3283679485321045,260873,,NSE
VCL,2023-05-22,2.3283679485321045,2.3283679485321045,2.1858150959014893,2.280850887298584,1004756,,NSE
VCL,2023-05-23,2.280850887298584,2.3283679485321045,2.1858150959014893,2.1858150959014893,389008,,NSE
VCL,2023-05-24,2.233333110809326,2.233333110809326,2.1382970809936523,2.1382970809936523,423182,,NSE
VCL,2023-05-25,2.1858150959014893,2.3283679485321045,2.1382970809936523,2.280850887298584,921078,,NSE
VCL,2023-05-26,2.280850887298584,2.3283679485321045,2.1858150959014893,2.233333110809326,477743,,NSE
VCL,2023-05-29,2.233333110809326,2.280850887298584,2.1858150959014893,2.233333110809326,279878,,NSE
VCL,2023-05-30,2.280850887298584,2.280850887298584,2.233333110809326,2.233333110809326,272839,,NSE
VCL,2023-05-31,2.280850887298584,2.280850887298584,2.1858150959014893,2.233333110809326,436738,,NSE
VCL,2023-06-01,2.233333110809326,2.280850887298584,2.1858150959014893,2.280850887298584,208512,,NSE
VCL,2023-06-02,2.280850887298584,2.280850887298584,2.1858150959014893,2.1858150959014893,254811,,NSE
VCL,2023-06-05,2.233333110809326,2.280850887298584,2.1858150959014893,2.233333110809326,259660,,NSE
VCL,2023-06-06,2.280850887298584,2.280850887298584,2.1858150959014893,2.233333110809326,225506,,NSE
VCL,2023-06-07,2.280850887298584,2.280850887298584,2.1858150959014893,2.233333110809326,350098,,NSE
VCL,2023-06-08,2.1858150959014893,2.280850887298584,2.1858150959014893,2.280850887298584,220585,,NSE
VCL,2023-06-09,2.280850887298584,2.280850887298584,2.1858150959014893,2.233333110809326,263654,,NSE
VCL,2023-06-12,2.1858150959014893,2.280850887298584,2.1858150959014893,2.233333110809326,114353,,NSE
VCL,2023-06-13,2.1858150959014893,2.280850887298584,2.1858150959014893,2.233333110809326,183229,,NSE
VCL,2023-06-14,2.280850887298584,2.280850887298584,2.1858150959014893,2.233333110809326,142259,,NSE
VCL,2023-06-15,2.280850887298584,2.280850887298584,2.1858150959014893,2.280850887298584,329162,,NSE
VCL,2023-06-16,2.280850887298584,2.280850887298584,2.233333110809326,2.280850887298584,235060,,NSE
VCL,2023-06-19,2.280850887298584,2.280850887298584,2.1858150959014893,2.233333110809326,152664,,NSE
VCL,2023-06-20,2.233333110809326,2.280850887298584,2.1858150959014893,2.233333110809326,142758,,NSE
VCL,2023-06-21,2.233333110809326,2.280850887298584,2.1858150959014893,2.233333110809326,234339,,NSE
VCL,2023-06-22,2.1858150959014893,2.280850887298584,2.1858150959014893,2.1858150959014893,237305,,NSE
VCL,2023-06-23,2.233333110809326,2.233333110809326,2.090780019760132,2.1858150959014893,144510,,NSE
VCL,2023-06-26,2.1858150959014893,2.233333110809326,2.1382970809936523,2.1382970809936523,157697,,NSE
VCL,2023-06-27,2.1382970809936523,2.1858150959014893,2.090780019760132,2.1382970809936523,214206,,NSE
VCL,2023-06-28,2.1382970809936523,2.1858150959014893,2.090780019760132,2.090780019760132,115959,,NSE
VCL,2023-06-30,2.090780019760132,2.1858150959014893,2.090780019760132,2.1382970809936523,162115,,NSE
VCL,2023-07-03,2.1382970809936523,2.1382970809936523,2.043262004852295,2.090780019760132,497068,,NSE
VCL,2023-07-04,2.090780019760132,2.1382970809936523,2.043262004852295,2.090780019760132,152050,,NSE
VCL,2023-07-05,2.043262004852295,2.090780019760132,2.043262004852295,2.043262004852295,271756,,NSE
VCL,2023-07-06,2.043262004852295,2.090780019760132,1.995743989944458,2.043262004852295,197221,,NSE
VCL,2023-07-07,2.090780019760132,2.1382970809936523,2.043262004852295,2.090780019760132,363231,,NSE
VCL,2023-07-10,2.090780019760132,2.090780019760132,1.995743989944458,2.043262004852295,256617,,NSE
VCL,2023-07-11,1.995743989944458,2.043262004852295,1.995743989944458,2.043262004852295,271187,,NSE
VCL,2023-07-12,2.090780019760132,2.090780019760132,1.995743989944458,1.995743989944458,118855,,NSE
VCL,2023-07-13,1.995743989944458,2.090780019760132,1.995743989944458,2.043262004852295,183488,,NSE
VCL,2023-07-14,2.090780019760132,2.090780019760132,1.995743989944458,2.090780019760132,121245,,NSE
VCL,2023-07-17,2.090780019760132,2.090780019760132,1.995743989944458,2.043262004852295,117530,,NSE
VCL,2023-07-18,2.043262004852295,2.090780019760132,1.995743989944458,2.043262004852295,172798,,NSE
VCL,2023-07-19,1.995743989944458,2.1382970809936523,1.995743989944458,2.1382970809936523,820767,,NSE
VCL,2023-07-20,2.233333110809326,2.233333110809326,2.233333110809326,2.233333110809326,351238,,NSE
VCL,2023-07-21,2.280850887298584,2.280850887298584,2.1382970809936523,2.233333110809326,358470,,NSE
VCL,2023-07-24,2.299999952316284,2.4000000953674316,2.299999952316284,2.299999952316284,375818,,NSE
VCL,2023-07-25,2.3499999046325684,2.4000000953674316,2.25,2.299999952316284,571232,,NSE
VCL,2023-07-26,2.299999952316284,2.3499999046325684,2.200000047683716,2.299999952316284,236452,,NSE
VCL,2023-07-27,2.25,2.4000000953674316,2.200000047683716,2.299999952316284,326001,,NSE
VCL,2023-07-28,2.299999952316284,2.4000000953674316,2.200000047683716,2.3499999046325684,751880,,NSE
VCL,2023-07-31,2.3499999046325684,2.4000000953674316,2.299999952316284,2.299999952316284,234244,,NSE
VCL,2023-08-01,2.299999952316284,2.3499999046325684,2.25,2.299999952316284,224520,,NSE
VCL,2023-08-02,2.299999952316284,2.299999952316284,2.25,2.299999952316284,184248,,NSE
VCL,2023-08-03,2.299999952316284,2.3499999046325684,2.25,2.299999952316284,215351,,NSE
VCL,2023-08-04,2.299999952316284,2.3499999046325684,2.25,2.25,121968,,NSE
VCL,2023-08-07,2.299999952316284,2.3499999046325684,2.200000047683716,2.299999952316284,447756,,NSE
VCL,2023-08-08,2.299999952316284,2.3499999046325684,2.200000047683716,2.299999952316284,379365,,NSE
VCL,2023-08-09,2.3499999046325684,2.3499999046325684,2.200000047683716,2.299999952316284,369440,,NSE
VCL,2023-08-10,2.299999952316284,2.299999952316284,2.200000047683716,2.25,134976,,NSE
VCL,2023-08-11,2.25,2.3499999046325684,2.200000047683716,2.3499999046325684,538369,,NSE
VCL,2023-08-14,2.3499999046325684,2.4000000953674316,2.25,2.299999952316284,459111,,NSE
VCL,2023-08-16,2.299999952316284,2.3499999046325684,2.25,2.3499999046325684,136802,,NSE
VCL,2023-08-17,2.3499999046325684,2.3499999046325684,2.25,2.299999952316284,318403,,NSE
VCL,2023-08-18,2.3499999046325684,2.3499999046325684,2.25,2.299999952316284,204012,,NSE
VCL,2023-08-21,2.3499999046325684,2.3499999046325684,2.25,2.299999952316284,295074,,NSE
VCL,2023-08-22,2.299999952316284,2.3499999046325684,2.25,2.299999952316284,396373,,NSE
VCL,2023-08-23,2.3499999046325684,2.3499999046325684,2.25,2.3499999046325684,183924,,NSE
VCL,2023-08-24,2.299999952316284,2.299999952316284,2.25,2.25,240374,,NSE
VCL,2023-08-25,2.25,2.299999952316284,2.200000047683716,2.25,169341,,NSE
VCL,2023-08-28,2.299999952316284,2.299999952316284,2.1500000953674316,2.200000047683716,185927,,NSE
VCL,2023-08-29,2.200000047683716,2.299999952316284,2.200000047683716,2.25,164560,,NSE
VCL,2023-08-30,2.25,2.25,2.1500000953674316,2.25,264340,,NSE
VCL,2023-08-31,2.200000047683716,2.25,2.1500000953674316,2.200000047683716,298299,,NSE
VCL,2023-09-01,2.200000047683716,2.25,2.1500000953674316,2.200000047683716,112148,,NSE
VCL,2023-09-04,2.200000047683716,2.25,2.0999999046325684,2.200000047683716,223101,,NSE
VCL,2023-09-05,2.25,2.25,2.1500000953674316,2.200000047683716,253361,,NSE
VCL,2023-09-06,2.200000047683716,2.200000047683716,2.0999999046325684,2.1500000953674316,188046,,NSE
VCL,2023-09-07,2.049999952316284,2.1500000953674316,2.049999952316284,2.049999952316284,951733,,NSE
VCL,2023-09-08,1.9500000476837158,2.0999999046325684,1.9500000476837158,2.049999952316284,22777604,,NSE
VCL,2023-09-11,2.049999952316284,2.049999952316284,1.9500000476837158,2.0,15323569,,NSE
VCL,2023-09-12,2.049999952316284,2.049999952316284,1.899999976158142,2.0,2062950,,NSE
VCL,2023-09-13,2.049999952316284,2.049999952316284,1.899999976158142,1.899999976158142,2344250,,NSE
VCL,2023-09-14,1.9500000476837158,1.9500000476837158,1.7999999523162842,1.7999999523162842,2659851,,NSE
VCL,2023-09-15,1.850000023841858,1.899999976158142,1.7999999523162842,1.850000023841858,1302650,,NSE
VCL,2023-09-18,1.850000023841858,1.9500000476837158,1.7999999523162842,1.850000023841858,2195916,,NSE
VCL,2023-09-20,1.899999976158142,1.899999976158142,1.75,1.7999999523162842,1244131,,NSE
VCL,2023-09-21,1.850000023841858,1.850000023841858,1.7000000476837158,1.75,1630587,,NSE
VCL,2023-09-22,1.7999999523162842,1.7999999523162842,1.7000000476837158,1.75,466607,,NSE
VCL,2023-09-25,1.7999999523162842,1.7999999523162842,1.7000000476837158,1.7000000476837158,429059,,NSE
VCL,2023-09-26,1.649999976158142,1.75,1.649999976158142,1.7000000476837158,961002,,NSE
VCL,2023-09-27,1.7000000476837158,1.7000000476837158,1.649999976158142,1.7000000476837158,464512,,NSE
VCL,2023-09-28,1.649999976158142,1.7000000476837158,1.649999976158142,1.7000000476837158,396830,,NSE
VCL,2023-09-29,1.7000000476837158,1.7999999523162842,1.649999976158142,1.75,997796,,NSE
VCL,2023-10-03,1.7999999523162842,1.850000023841858,1.75,1.850000023841858,1183011,,NSE
VCL,2023-10-04,1.850000023841858,2.200000047683716,1.7000000476837158,1.7999999523162842,15384182,,NSE
VCL,2023-10-05,1.850000023841858,2.0999999046325684,1.7999999523162842,1.9500000476837158,7293013,,NSE
VCL,2023-10-06,1.9500000476837158,2.1500000953674316,1.850000023841858,2.0,7865396,,NSE
VCL,2023-10-09,1.9500000476837158,2.0999999046325684,1.850000023841858,1.899999976158142,5036073,,NSE
VCL,2023-10-10,1.9500000476837158,2.1500000953674316,1.850000023841858,1.9500000476837158,15694518,,NSE
VCL,2023-10-11,2.0,2.049999952316284,1.850000023841858,1.899999976158142,5599809,,NSE
VCL,2023-10-12,1.9500000476837158,1.9500000476837158,1.7999999523162842,1.850000023841858,4932842,,NSE
VCL,2023-10-13,1.850000023841858,1.850000023841858,1.7999999523162842,1.7999999523162842,3011908,,NSE
VCL,2023-10-16,1.850000023841858,1.850000023841858,1.75,1.7999999523162842,3038553,,NSE
VCL,2023-10-17,1.7999999523162842,1.850000023841858,1.7000000476837158,1.75,2508468,,NSE
VCL,2023-10-18,1.75,1.75,1.649999976158142,1.7000000476837158,2502424,,NSE
VCL,2023-10-19,1.649999976158142,1.7000000476837158,1.649999976158142,1.7000000476837158,743166,,NSE
VCL,2023-10-20,1.7000000476837158,1.75,1.649999976158142,1.7000000476837158,1253643,,NSE
VCL,2023-10-23,1.7000000476837158,1.75,1.649999976158142,1.649999976158142,1278049,,NSE
VCL,2023-10-25,1.7000000476837158,1.7000000476837158,1.649999976158142,1.7000000476837158,905828,,NSE
VCL,2023-10-26,1.7000000476837158,1.7000000476837158,1.600000023841858,1.649999976158142,910820,,NSE
VCL,2023-10-27,1.7000000476837158,1.7000000476837158,1.649999976158142,1.649999976158142,774597,,NSE
VCL,2023-10-30,1.7000000476837158,1.7000000476837158,1.649999976158142,1.7000000476837158,294802,,NSE
VCL,2023-10-31,1.7000000476837158,1.7000000476837158,1.649999976158142,1.649999976158142,741674,,NSE
VCL,2023-11-01,1.7000000476837158,1.7000000476837158,1.649999976158142,1.649999976158142,345751,,NSE
VCL,2023-11-02,1.7000000476837158,1.7000000476837158,1.649999976158142,1.7000000476837158,287457,,NSE
VCL,2023-11-03,1.7000000476837158,1.7000000476837158,1.649999976158142,1.7000000476837158,1216890,,NSE
VCL,2023-11-06,1.7000000476837158,1.75,1.649999976158142,1.649999976158142,776094,,NSE
VCL,2023-11-07,1.7000000476837158,1.7000000476837158,1.649999976158142,1.649999976158142,594199,,NSE
VCL,2023-11-08,1.7000000476837158,1.7000000476837158,1.649999976158142,1.7000000476837158,282290,,NSE
VCL,2023-11-09,1.7000000476837158,1.7000000476837158,1.649999976158142,1.7000000476837158,413679,,NSE
VCL,2023-11-10,1.649999976158142,1.7000000476837158,1.649999976158142,1.7000000476837158,383543,,NSE
VCL,2023-11-13,1.7000000476837158,1.7000000476837158,1.649999976158142,1.649999976158142,314942,,NSE
VCL,2023-11-15,1.649999976158142,1.7000000476837158,1.649999976158142,1.7000000476837158,534489,,NSE
VCL,2023-11-16,1.7000000476837158,1.7000000476837158,1.649999976158142,1.7000000476837158,1122284,,NSE
VCL,2023-11-17,1.7000000476837158,1.7000000476837158,1.649999976158142,1.7000000476837158,423495,,NSE
VCL,2023-11-20,1.7000000476837158,1.7000000476837158,1.649999976158142,1.649999976158142,670007,,NSE
VCL,2023-11-21,1.7000000476837158,1.7000000476837158,1.600000023841858,1.649999976158142,862368,,NSE
VCL,2023-11-22,1.649999976158142,1.7000000476837158,1.600000023841858,1.649999976158142,514286,,NSE
VCL,2023-11-23,1.649999976158142,1.7000000476837158,1.600000023841858,1.7000000476837158,550463,,NSE
VCL,2023-11-24,1.7000000476837158,1.7000000476837158,1.649999976158142,1.7000000476837158,552171,,NSE
VCL,2023-11-28,1.7000000476837158,1.7000000476837158,1.649999976158142,1.649999976158142,420290,,NSE
VCL,2023-11-29,1.7000000476837158,1.7000000476837158,1.600000023841858,1.649999976158142,1278727,,NSE
VCL,2023-11-30,1.649999976158142,1.7000000476837158,1.600000023841858,1.649999976158142,700057,,NSE
VCL,2023-12-01,1.649999976158142,1.7000000476837158,1.600000023841858,1.649999976158142,735457,,NSE
VCL,2023-12-04,1.649999976158142,1.7000000476837158,1.600000023841858,1.649999976158142,641291,,NSE
VCL,2023-12-05,1.649999976158142,1.7000000476837158,1.600000023841858,1.649999976158142,715061,,NSE
VCL,2023-12-06,1.7000000476837158,1.7000000476837158,1.600000023841858,1.649999976158142,843806,,NSE
VCL,2023-12-07,1.649999976158142,1.7000000476837158,1.600000023841858,1.7000000476837158,1072165,,NSE
VCL,2023-12-08,1.7000000476837158,1.7000000476837158,1.649999976158142,1.649999976158142,783488,,NSE
VCL,2023-12-11,1.649999976158142,1.75,1.649999976158142,1.7000000476837158,2158065,,NSE
VCL,2023-12-12,1.7000000476837158,1.7999999523162842,1.5499999523162842,1.600000023841858,13355328,,NSE
VCL,2023-12-13,1.600000023841858,1.649999976158142,1.5,1.5,7394639,,NSE
VCL,2023-12-14,1.5499999523162842,1.5499999523162842,1.5,1.5499999523162842,3510829,,NSE
VCL,2023-12-15,1.5499999523162842,1.5499999523162842,1.5,1.5,2581731,,NSE
VCL,2023-12-18,1.5,1.5499999523162842,1.4500000476837158,1.5,2706557,,NSE
VCL,2023-12-19,1.5,1.5499999523162842,1.399999976158142,1.399999976158142,5531728,,NSE
VCL,2023-12-20,1.4500000476837158,1.4500000476837158,1.399999976158142,1.4500000476837158,2246192,,NSE
VCL,2023-12-21,1.4500000476837158,1.4500000476837158,1.399999976158142,1.4500000476837158,982742,,NSE
VCL,2023-12-22,1.4500000476837158,1.5,1.399999976158142,1.4500000476837158,2182406,,NSE
VCL,2023-12-26,1.4500000476837158,1.4500000476837158,1.399999976158142,1.4500000476837158,1046698,,NSE
VCL,2023-12-27,1.4500000476837158,1.4500000476837158,1.399999976158142,1.4500000476837158,968594,,NSE
VCL,2023-12-28,1.399999976158142,1.4500000476837158,1.350000023841858,1.399999976158142,2680173,,NSE
VCL,2023-12-29,1.399999976158142,1.4500000476837158,1.350000023841858,1.4500000476837158,822014,,NSE
VCL,2024-01-01,1.4500000476837158,1.4500000476837158,1.399999976158142,1.4500000476837158,949953,,NSE
VCL,2024-01-02,1.4500000476837158,1.4500000476837158,1.399999976158142,1.4500000476837158,515398,,NSE
VCL,2024-01-03,1.4500000476837158,1.4500000476837158,1.399999976158142,1.4500000476837158,1737614,,NSE
VCL,2024-01-04,1.4500000476837158,1.649999976158142,1.4500000476837158,1.600000023841858,8876845,,NSE
VCL,2024-01-05,1.600000023841858,1.649999976158142,1.5499999523162842,1.5499999523162842,3624664,,NSE
VCL,2024-01-08,1.5499999523162842,1.600000023841858,1.4500000476837158,1.5499999523162842,3548027,,NSE
VCL,2024-01-09,1.5499999523162842,1.600000023841858,1.5,1.5499999523162842,1889020,,NSE
VCL,2024-01-10,1.5499999523162842,1.5499999523162842,1.5,1.5,2348672,,NSE
VCL,2024-01-11,1.5,1.5,1.4500000476837158,1.5,1075630,,NSE
VCL,2024-01-12,1.5,1.5,1.4500000476837158,1.5,1633576,,NSE
VCL,2024-01-15,1.5,1.5,1.4500000476837158,1.4500000476837158,1766720,,NSE
VCL,2024-01-16,1.4500000476837158,1.5,1.399999976158142,1.4500000476837158,968351,,NSE
VCL,2024-01-17,1.4500000476837158,1.4500000476837158,1.399999976158142,1.4500000476837158,293635,,NSE
VCL,2024-01-18,1.4500000476837158,1.4500000476837158,1.399999976158142,1.4500000476837158,623301,,NSE
VCL,2024-01-19,1.4500000476837158,1.4500000476837158,1.399999976158142,1.399999976158142,661076,,NSE
VCL,2024-01-23,1.4500000476837158,1.4500000476837158,1.399999976158142,1.399999976158142,729038,,NSE
VCL,2024-01-24,1.399999976158142,1.4500000476837158,1.399999976158142,1.399999976158142,376008,,NSE
VCL,2024-01-25,1.399999976158142,1.4500000476837158,1.399999976158142,1.4500000476837158,769860,,NSE
VCL,2024-01-29,1.4500000476837158,1.4500000476837158,1.399999976158142,1.4500000476837158,718687,,NSE
VCL,2024-01-30,1.4500000476837158,1.4500000476837158,1.399999976158142,1.399999976158142,626578,,NSE
VCL,2024-01-31,1.4500000476837158,1.4500000476837158,1.399999976158142,1.399999976158142,742397,,NSE
VCL,2024-02-01,1.399999976158142,1.4500000476837158,1.399999976158142,1.4500000476837158,755039,,NSE
VCL,2024-02-02,1.4500000476837158,1.5,1.399999976158142,1.5,1152004,,NSE
VCL,2024-02-05,1.5,1.5,1.4500000476837158,1.4500000476837158,1133555,,NSE
VCL,2024-02-06,1.4500000476837158,1.5,1.399999976158142,1.4500000476837158,405088,,NSE
VCL,2024-02-07,1.4500000476837158,1.5,1.399999976158142,1.4500000476837158,592678,,NSE
VCL,2024-02-08,1.399999976158142,1.4500000476837158,1.399999976158142,1.4500000476837158,326405,,NSE
VCL,2024-02-09,1.399999976158142,1.4500000476837158,1.399999976158142,1.399999976158142,729927,,NSE
VCL,2024-02-12,1.399999976158142,1.4500000476837158,1.399999976158142,1.399999976158142,566888,,NSE
VCL,2024-02-13,1.399999976158142,1.4500000476837158,1.399999976158142,1.4500000476837158,573453,,NSE
VCL,2024-02-14,1.4500000476837158,1.4500000476837158,1.399999976158142,1.4500000476837158,345266,,NSE
VCL,2024-02-15,1.399999976158142,1.4500000476837158,1.399999976158142,1.399999976158142,1310445,,NSE
VCL,2024-02-16,1.399999976158142,1.4500000476837158,1.350000023841858,1.399999976158142,737056,,NSE
VCL,2024-02-19,1.4500000476837158,1.4500000476837158,1.350000023841858,1.350000023841858,356933,,NSE
VCL,2024-02-20,1.399999976158142,1.399999976158142,1.350000023841858,1.350000023841858,616336,,NSE
VCL,2024-02-21,1.350000023841858,1.399999976158142,1.350000023841858,1.399999976158142,755347,,NSE
VCL,2024-02-22,1.399999976158142,1.399999976158142,1.350000023841858,1.350000023841858,545415,,NSE
VCL,2024-02-23,1.399999976158142,1.399999976158142,1.350000023841858,1.350000023841858,593205,,NSE
VCL,2024-02-26,1.350000023841858,1.399999976158142,1.350000023841858,1.399999976158142,537625,,NSE
VCL,2024-02-27,1.350000023841858,1.399999976158142,1.350000023841858,1.399999976158142,430694,,NSE
VCL,2024-02-28,1.399999976158142,1.399999976158142,1.350000023841858,1.350000023841858,543311,,NSE
VCL,2024-02-29,1.350000023841858,1.350000023841858,1.2999999523162842,1.350000023841858,403372,,NSE
VCL,2024-03-01,1.350000023841858,1.350000023841858,1.2999999523162842,1.350000023841858,722426,,NSE
VCL,2024-03-04,1.350000023841858,1.350000023841858,1.2999999523162842,1.2999999523162842,164345,,NSE
VCL,2024-03-05,1.2999999523162842,1.350000023841858,1.2999999523162842,1.350000023841858,891177,,NSE
VCL,2024-03-06,1.350000023841858,1.350000023841858,1.2999999523162842,1.2999999523162842,502633,,NSE
VCL,2024-03-07,1.2999999523162842,1.350000023841858,1.25,1.25,619257,,NSE
VCL,2024-03-11,1.2999999523162842,1.2999999523162842,1.2000000476837158,1.25,651048,,NSE
VCL,2024-03-12,1.25,1.25,1.2000000476837158,1.2000000476837158,781479,,NSE
VCL,2024-03-13,1.2000000476837158,1.2000000476837158,1.149999976158142,1.149999976158142,724692,,NSE
VCL,2024-03-14,1.100000023841858,1.149999976158142,1.100000023841858,1.100000023841858,587624,,NSE
VCL,2024-03-15,1.100000023841858,1.100000023841858,1.0499999523162842,1.0499999523162842,703412,,NSE
VCL,2024-03-18,1.0499999523162842,1.0499999523162842,1.0,1.0,1047740,,NSE
VCL,2024-03-19,1.0,1.0,0.949999988079071,0.949999988079071,624917,,NSE
VCL,2024-03-20,0.949999988079071,0.949999988079071,0.8999999761581421,0.8999999761581421,906861,,NSE
VCL,2024-03-21,0.8999999761581421,0.8999999761581421,0.8500000238418579,0.8500000238418579,1438688,,NSE
VCL,2024-03-22,0.8500000238418579,0.8999999761581421,0.800000011920929,0.8999999761581421,896731,,NSE
VCL,2024-03-26,0.8999999761581421,0.949999988079071,0.8999999761581421,0.949999988079071,852784,,NSE
VCL,2024-03-27,0.949999988079071,1.0,0.949999988079071,1.0,950602,,NSE
VCL,2024-03-28,1.0,1.0,0.949999988079071,0.949999988079071,897364,,NSE
VCL,2024-04-01,0.949999988079071,1.0,0.8999999761581421,1.0,436723,,NSE
VCL,2024-04-02,1.0499999523162842,1.0499999523162842,0.949999988079071,1.0499999523162842,580738,,NSE
VCL,2024-04-03,1.100000023841858,1.100000023841858,1.0499999523162842,1.100000023841858,308472,,NSE
VCL,2024-04-04,1.149999976158142,1.149999976158142,1.149999976158142,1.149999976158142,200188,,NSE
VCL,2024-04-05,1.2000000476837158,1.2000000476837158,1.2000000476837158,1.2000000476837158,182468,,NSE
VCL,2024-04-08,1.25,1.25,1.149999976158142,1.2000000476837158,1427075,,NSE
VCL,2024-04-09,1.2000000476837158,1.2000000476837158,1.2000000476837158,1.2000000476837158,0,,NSE
VCL,2024-04-10,1.2000000476837158,1.2000000476837158,1.2000000476837158,1.2000000476837158,0,,NSE
VCL,2024-04-12,1.2000000476837158,1.2000000476837158,1.2000000476837158,1.2000000476837158,0,,NSE
VCL,2024-04-15,1.149999976158142,1.149999976158142,1.149999976158142,1.149999976158142,51577,,NSE
VCL,2024-04-16,1.149999976158142,1.149999976158142,1.149999976158142,1.149999976158142,0,,NSE
VCL,2024-04-18,1.149999976158142,1.149999976158142,1.149999976158142,1.149999976158142,0,,NSE
VCL,2024-04-19,1.149999976158142,1.149999976158142,1.149999976158142,1.149999976158142,0,,NSE
VCL,2024-04-22,1.100000023841858,1.100000023841858,1.100000023841858,1.100000023841858,113141,,NSE
VCL,2024-04-23,1.100000023841858,1.100000023841858,1.100000023841858,1.100000023841858,0,,NSE
VCL,2024-04-24,1.100000023841858,1.100000023841858,1.100000023841858,1.100000023841858,0,,NSE
VCL,2024-04-25,1.100000023841858,1.100000023841858,1.100000023841858,1.100000023841858,0,,NSE
VCL,2024-04-26,1.100000023841858,1.100000023841858,1.100000023841858,1.100000023841858,0,,NSE
VCL,2024-04-29,1.0499999523162842,1.0499999523162842,1.0499999523162842,1.0499999523162842,134950,,NSE
VCL,2024-04-30,1.0499999523162842,1.0499999523162842,1.0499999523162842,1.0499999523162842,0,,NSE
VCL,2024-05-02,1.0499999523162842,1.0499999523162842,1.0499999523162842,1.0499999523162842,0,,NSE
VCL,2024-05-03,1.0499999523162842,1.0499999523162842,1.0499999523162842,1.0499999523162842,0,,NSE
VCL,2024-05-06,1.0,1.0,1.0,1.0,103939,,NSE
VCL,2024-05-07,1.0,1.0,1.0,1.0,0,,NSE
VCL,2024-05-08,1.0,1.0,1.0,1.0,0,,NSE
VCL,2024-05-09,1.0,1.0,1.0,1.0,0,,NSE
VCL,2024-05-10,1.0,1.0,1.0,1.0,0,,NSE
VCL,2024-05-13,0.949999988079071,0.949999988079071,0.949999988079071,0.949999988079071,183868,,NSE
VCL,2024-05-14,0.949999988079071,0.949999988079071,0.949999988079071,0.949999988079071,0,,NSE
VCL,2024-05-15,0.949999988079071,0.949999988079071,0.949999988079071,0.949999988079071,0,,NSE
VCL,2024-05-16,0.949999988079071,0.949999988079071,0.949999988079071,0.949999988079071,0,,NSE
VCL,2024-05-17,0.949999988079071,0.949999988079071,0.949999988079071,0.949999988079071,0,,NSE
VCL,2024-05-21,0.8999999761581421,0.8999999761581421,0.8999999761581421,0.8999999761581421,409153,,NSE
VCL,2024-05-22,0.8999999761581421,0.8999999761581421,0.8999999761581421,0.8999999761581421,0,,NSE
VCL,2024-05-23,0.8999999761581421,0.8999999761581421,0.8999999761581421,0.8999999761581421,0,,NSE
VCL,2024-05-24,0.8999999761581421,0.8999999761581421,0.8999999761581421,0.8999999761581421,0,,NSE
VCL,2024-05-27,0.8500000238418579,0.8500000238418579,0.8500000238418579,0.8500000238418579,330248,,NSE
VCL,2024-05-28,0.8500000238418579,0.8500000238418579,0.8500000238418579,0.8500000238418579,0,,NSE
VCL,2024-05-29,0.8500000238418579,0.8500000238418579,0.8500000238418579,0.8500000238418579,0,,NSE
VCL,2024-05-30,0.8500000238418579,0.8500000238418579,0.8500000238418579,0.8500000238418579,0,,NSE
VCL,2024-05-31,0.8500000238418579,0.8500000238418579,0.8500000238418579,0.8500000238418579,0,,NSE
VCL,2024-06-03,0.800000011920929,0.800000011920929,0.800000011920929,0.800000011920929,907783,,NSE
VCL,2024-06-04,0.75,0.75,0.75,0.75,799494,,NSE
VCL,2024-06-05,0.699999988079071,0.699999988079071,0.699999988079071,0.699999988079071,506427,,NSE
VCL,2024-06-06,0.6499999761581421,0.75,0.6499999761581421,0.75,5411548,,NSE
VCL,2024-06-07,0.75,0.800000011920929,0.699999988079071,0.800000011920929,1191602,,NSE
VCL,2024-06-10,0.8299999833106995,0.8299999833106995,0.7599999904632568,0.7699999809265137,946318,,NSE
VCL,2024-06-11,0.7699999809265137,0.800000011920929,0.7699999809265137,0.800000011920929,545242,,NSE
VCL,2024-06-12,0.8399999737739563,0.8399999737739563,0.8199999928474426,0.8399999737739563,303993,,NSE
VCL,2024-06-13,0.8799999952316284,0.8799999952316284,0.8700000047683716,0.8799999952316284,821473,,NSE
VCL,2024-06-14,0.9200000166893005,0.9200000166893005,0.9100000262260437,0.9200000166893005,626738,,NSE
VCL,2024-06-18,0.9599999785423279,0.9599999785423279,0.9300000071525574,0.9599999785423279,565966,,NSE
VCL,2024-06-19,1.0,1.0,0.9900000095367432,1.0,851430,,NSE
VCL,2024-06-20,1.0499999523162842,1.0499999523162842,1.0499999523162842,1.0499999523162842,559334,,NSE
VCL,2024-06-21,1.100000023841858,1.100000023841858,0.9900000095367432,0.9900000095367432,1801724,,NSE
VCL,2024-06-24,0.9399999976158142,1.0,0.9399999976158142,0.9800000190734863,903366,,NSE
VCL,2024-06-25,1.0,1.0199999809265137,0.9900000095367432,1.0099999904632568,553232,,NSE
VCL,2024-06-26,1.0199999809265137,1.059999942779541,1.0099999904632568,1.0499999523162842,769229,,NSE
VCL,2024-06-27,1.0700000524520874,1.100000023841858,1.0499999523162842,1.090000033378601,1045957,,NSE
VCL,2024-06-28,1.100000023841858,1.1399999856948853,1.100000023841858,1.1399999856948853,508789,,NSE
VCL,2024-07-01,1.1399999856948853,1.1399999856948853,1.1399999856948853,1.1399999856948853,0,,NSE
VCL,2024-07-02,1.1399999856948853,1.1399999856948853,1.1399999856948853,1.1399999856948853,0,,NSE
VCL,2024-07-03,1.1399999856948853,1.1399999856948853,1.1399999856948853,1.1399999856948853,0,,NSE
VCL,2024-07-04,1.1399999856948853,1.1399999856948853,1.1399999856948853,1.1399999856948853,0,,NSE
VCL,2024-07-05,1.1399999856948853,1.1399999856948853,1.1399999856948853,1.1399999856948853,0,,NSE
VCL,2024-07-08,1.0800000429153442,1.0800000429153442,1.0800000429153442,1.0800000429153442,180214,,NSE
VCL,2024-07-09,1.0800000429153442,1.0800000429153442,1.0800000429153442,1.0800000429153442,0,,NSE
VCL,2024-07-10,1.0800000429153442,1.0800000429153442,1.0800000429153442,1.0800000429153442,0,,NSE
VCL,2024-07-11,1.0800000429153442,1.0800000429153442,1.0800000429153442,1.0800000429153442,0,,NSE
VCL,2024-07-12,1.0800000429153442,1.0800000429153442,1.0800000429153442,1.0800000429153442,0,,NSE
VCL,2024-07-15,1.0199999809265137,1.0199999809265137,1.0199999809265137,1.0199999809265137,45867,,NSE
VCL,2024-07-16,1.0199999809265137,1.0199999809265137,1.0199999809265137,1.0199999809265137,0,,NSE
VCL,2024-07-18,1.0199999809265137,1.0199999809265137,1.0199999809265137,1.0199999809265137,0,,NSE
VCL,2024-07-19,1.0199999809265137,1.0199999809265137,1.0199999809265137,1.0199999809265137,0,,NSE
VCL,2024-07-22,0.9599999785423279,0.9599999785423279,0.9599999785423279,0.9599999785423279,59131,,NSE
VCL,2024-07-23,0.9599999785423279,0.9599999785423279,0.9599999785423279,0.9599999785423279,0,,NSE
VCL,2024-07-24,0.9599999785423279,0.9599999785423279,0.9599999785423279,0.9599999785423279,0,,NSE
VCL,2024-07-25,0.9599999785423279,0.9599999785423279,0.9599999785423279,0.9599999785423279,0,,NSE
VCL,2024-07-26,0.9599999785423279,0.9599999785423279,0.9599999785423279,0.9599999785423279,0,,NSE
VCL,2024-07-29,0.9100000262260437,0.9100000262260437,0.9100000262260437,0.9100000262260437,201716,,NSE
VCL,2024-07-30,0.9100000262260437,0.9100000262260437,0.9100000262260437,0.9100000262260437,0,,NSE
VCL,2024-07-31,0.9100000262260437,0.9100000262260437,0.9100000262260437,0.9100000262260437,0,,NSE
VCL,2024-08-01,0.9100000262260437,0.9100000262260437,0.9100000262260437,0.9100000262260437,0,,NSE
VCL,2024-08-02,0.9100000262260437,0.9100000262260437,0.9100000262260437,0.9100000262260437,0,,NSE
VCL,2024-08-05,0.8600000143051147,0.8600000143051147,0.8600000143051147,0.8600000143051147,130735,,NSE
VCL,2024-08-06,0.8600000143051147,0.8600000143051147,0.8600000143051147,0.8600000143051147,0,,NSE
VCL,2024-08-07,0.8600000143051147,0.8600000143051147,0.8600000143051147,0.8600000143051147,0,,NSE
VCL,2024-08-08,0.8600000143051147,0.8600000143051147,0.8600000143051147,0.8600000143051147,0,,NSE
VCL,2024-08-09,0.8600000143051147,0.8600000143051147,0.8600000143051147,0.8600000143051147,0,,NSE
VCL,2024-08-12,0.8100000023841858,0.8100000023841858,0.8100000023841858,0.8100000023841858,212480,,NSE
VCL,2024-08-13,0.8100000023841858,0.8100000023841858,0.8100000023841858,0.8100000023841858,0,,NSE
VCL,2024-08-14,0.8100000023841858,0.8100000023841858,0.8100000023841858,0.8100000023841858,0,,NSE
VCL,2024-08-16,0.8100000023841858,0.8100000023841858,0.8100000023841858,0.8100000023841858,0,,NSE
VCL,2024-08-19,0.7599999904632568,0.7599999904632568,0.7599999904632568,0.7599999904632568,270481,,NSE
VCL,2024-08-20,0.7599999904632568,0.7599999904632568,0.7599999904632568,0.7599999904632568,0,,NSE
VCL,2024-08-21,0.7599999904632568,0.7599999904632568,0.7599999904632568,0.7599999904632568,0,,NSE
VCL,2024-08-22,0.7599999904632568,0.7599999904632568,0.7599999904632568,0.7599999904632568,0,,NSE
VCL,2024-08-23,0.7599999904632568,0.7599999904632568,0.7599999904632568,0.7599999904632568,0,,NSE
VCL,2024-08-26,0.7200000286102295,0.7200000286102295,0.7200000286102295,0.7200000286102295,292839,,NSE
VCL,2024-08-27,0.7200000286102295,0.7200000286102295,0.7200000286102295,0.7200000286102295,0,,NSE
VCL,2024-08-28,0.7200000286102295,0.7200000286102295,0.7200000286102295,0.7200000286102295,0,,NSE
VCL,2024-08-29,0.7200000286102295,0.7200000286102295,0.7200000286102295,0.7200000286102295,0,,NSE
VCL,2024-08-30,0.7200000286102295,0.7200000286102295,0.7200000286102295,0.7200000286102295,0,,NSE
VCL,2024-09-02,0.6800000071525574,0.75,0.6800000071525574,0.699999988079071,2717301,,NSE
VCL,2024-09-03,0.7300000190734863,0.7300000190734863,0.7200000286102295,0.7300000190734863,450143,,NSE
VCL,2024-09-04,0.7599999904632568,0.7599999904632568,0.7599999904632568,0.7599999904632568,111902,,NSE
VCL,2024-09-05,0.7900000214576721,0.7900000214576721,0.7900000214576721,0.7900000214576721,266250,,NSE
VCL,2024-09-06,0.8199999928474426,0.8199999928474426,0.8199999928474426,0.8199999928474426,233173,,NSE
VCL,2024-09-09,0.8600000143051147,0.8600000143051147,0.7699999809265137,0.8500000238418579,1393176,,NSE
VCL,2024-09-10,0.8500000238418579,0.8899999856948853,0.800000011920929,0.8500000238418579,1286583,,NSE
VCL,2024-09-11,0.8899999856948853,0.8899999856948853,0.800000011920929,0.8700000047683716,673007,,NSE
VCL,2024-09-12,0.8700000047683716,0.8899999856948853,0.8299999833106995,0.8500000238418579,308381,,NSE
VCL,2024-09-13,0.8600000143051147,0.8600000143051147,0.8199999928474426,0.8500000238418579,296138,,NSE
VCL,2024-09-16,0.8500000238418579,0.8600000143051147,0.800000011920929,0.8299999833106995,451097,,NSE
VCL,2024-09-17,0.8500000238418579,0.8500000238418579,0.8100000023841858,0.8299999833106995,275083,,NSE
VCL,2024-09-18,0.8600000143051147,0.8600000143051147,0.8100000023841858,0.8199999928474426,292820,,NSE
VCL,2024-09-19,0.8600000143051147,0.8600000143051147,0.7699999809265137,0.8299999833106995,720196,,NSE
VCL,2024-09-20,0.8299999833106995,0.8600000143051147,0.7900000214576721,0.800000011920929,291306,,NSE
VCL,2024-09-23,0.7699999809265137,0.8399999737739563,0.7699999809265137,0.8199999928474426,423886,,NSE
VCL,2024-09-24,0.8600000143051147,0.8600000143051147,0.8199999928474426,0.8500000238418579,474779,,NSE
VCL,2024-09-25,0.8899999856948853,0.8899999856948853,0.8100000023841858,0.8600000143051147,558456,,NSE
VCL,2024-09-26,0.8799999952316284,0.8799999952316284,0.8199999928474426,0.8500000238418579,182807,,NSE
VCL,2024-09-27,0.8799999952316284,0.8799999952316284,0.8299999833106995,0.8500000238418579,210360,,NSE
VCL,2024-09-30,0.8700000047683716,0.8700000047683716,0.8199999928474426,0.8399999737739563,200040,,NSE
VCL,2024-10-01,0.8399999737739563,0.8600000143051147,0.8199999928474426,0.8299999833106995,207542,,NSE
VCL,2024-10-03,0.8299999833106995,0.8700000047683716,0.8199999928474426,0.8299999833106995,371240,,NSE
VCL,2024-10-04,0.800000011920929,0.8700000047683716,0.7799999713897705,0.800000011920929,325617,,NSE
VCL,2024-10-07,0.800000011920929,0.8299999833106995,0.7699999809265137,0.800000011920929,245313,,NSE
VCL,2024-10-08,0.8399999737739563,0.8399999737739563,0.7799999713897705,0.8299999833106995,266997,,NSE
VCL,2024-10-09,0.8399999737739563,0.8600000143051147,0.8299999833106995,0.8399999737739563,165204,,NSE
VCL,2024-10-10,0.8399999737739563,0.8600000143051147,0.8100000023841858,0.8399999737739563,276865,,NSE
VCL,2024-10-11,0.8600000143051147,0.8600000143051147,0.800000011920929,0.8299999833106995,108952,,NSE
VCL,2024-10-14,0.8299999833106995,0.8600000143051147,0.800000011920929,0.8299999833106995,245303,,NSE
VCL,2024-10-15,0.8299999833106995,0.8600000143051147,0.8100000023841858,0.8399999737739563,324391,,NSE
VCL,2024-10-16,0.8399999737739563,0.8600000143051147,0.8100000023841858,0.8199999928474426,137044,,NSE
VCL,2024-10-17,0.8500000238418579,0.8600000143051147,0.8100000023841858,0.8199999928474426,162716,,NSE
VCL,2024-10-18,0.8199999928474426,0.8500000238418579,0.7900000214576721,0.8299999833106995,188296,,NSE
VCL,2024-10-21,0.8199999928474426,0.8500000238418579,0.7799999713897705,0.8299999833106995,213840,,NSE
VCL,2024-10-22,0.8299999833106995,0.8399999737739563,0.7799999713897705,0.7799999713897705,293674,,NSE
VCL,2024-10-23,0.7799999713897705,0.7900000214576721,0.7400000095367432,0.7599999904632568,228559,,NSE
VCL,2024-10-24,0.7400000095367432,0.7799999713897705,0.7300000190734863,0.75,103927,,NSE
VCL,2024-10-25,0.75,0.7799999713897705,0.7200000286102295,0.75,224350,,NSE
VCL,2024-10-28,0.75,0.7799999713897705,0.7099999785423279,0.7599999904632568,238148,,NSE
VCL,2024-10-29,0.7900000214576721,0.7900000214576721,0.7200000286102295,0.7699999809265137,116124,,NSE
VCL,2024-10-30,0.7900000214576721,0.800000011920929,0.7300000190734863,0.7900000214576721,107912,,NSE
VCL,2024-10-31,0.8199999928474426,0.8199999928474426,0.7699999809265137,0.8100000023841858,246939,,NSE
VCL,2024-11-01,0.8500000238418579,0.8500000238418579,0.8100000023841858,0.8399999737739563,115929,,NSE
VCL,2024-11-04,0.8799999952316284,0.8799999952316284,0.7900000214576721,0.8399999737739563,193957,,NSE
VCL,2024-11-05,0.800000011920929,0.8700000047683716,0.800000011920929,0.8500000238418579,244254,,NSE
VCL,2024-11-06,0.8700000047683716,0.8799999952316284,0.8299999833106995,0.8600000143051147,337886,,NSE
VCL,2024-11-07,0.8700000047683716,0.8799999952316284,0.8500000238418579,0.8500000238418579,195736,,NSE
VCL,2024-11-08,0.8600000143051147,0.8899999856948853,0.8299999833106995,0.8399999737739563,166730,,NSE
VCL,2024-11-11,0.8500000238418579,0.8799999952316284,0.8100000023841858,0.8700000047683716,329562,,NSE
VCL,2024-11-12,0.8799999952316284,0.8899999856948853,0.8199999928474426,0.8600000143051147,378626,,NSE
VCL,2024-11-13,0.8700000047683716,0.8700000047683716,0.8100000023841858,0.8199999928474426,104806,,NSE
VCL,2024-11-14,0.8399999737739563,0.8500000238418579,0.8100000023841858,0.8199999928474426,163722,,NSE
VCL,2024-11-18,0.8199999928474426,0.8600000143051147,0.7900000214576721,0.7900000214576721,201081,,NSE
VCL,2024-11-19,0.8199999928474426,0.8199999928474426,0.7599999904632568,0.8199999928474426,307277,,NSE
VCL,2024-11-21,0.8399999737739563,0.8399999737739563,0.7799999713897705,0.800000011920929,257787,,NSE
VCL,2024-11-22,0.8399999737739563,0.8399999737739563,0.7599999904632568,0.8199999928474426,155969,,NSE
VCL,2024-11-25,0.8199999928474426,0.8399999737739563,0.7799999713897705,0.800000011920929,143335,,NSE
VCL,2024-11-26,0.800000011920929,0.8299999833106995,0.7699999809265137,0.7699999809265137,175322,,NSE
VCL,2024-11-27,0.800000011920929,0.800000011920929,0.7799999713897705,0.7900000214576721,246268,,NSE
VCL,2024-11-28,0.8199999928474426,0.8199999928474426,0.7799999713897705,0.8100000023841858,344739,,NSE
VCL,2024-11-29,0.8500000238418579,0.8500000238418579,0.8199999928474426,0.8500000238418579,300480,,NSE
VCL,2024-12-02,0.8899999856948853,0.8899999856948853,0.8500000238418579,0.8899999856948853,343958,,NSE
VCL,2024-12-03,0.8799999952316284,0.9300000071525574,0.8399999737739563,0.9300000071525574,601475,,NSE
VCL,2024-12-04,0.9700000286102295,0.9700000286102295,0.8799999952316284,0.9200000166893005,402530,,NSE
VCL,2024-12-05,0.949999988079071,0.9599999785423279,0.8799999952316284,0.949999988079071,342265,,NSE
VCL,2024-12-06,0.9900000095367432,0.9900000095367432,0.9800000190734863,0.9800000190734863,242062,,NSE
VCL,2024-12-09,0.9800000190734863,1.0199999809265137,0.9300000071525574,0.9900000095367432,491582,,NSE
VCL,2024-12-10,1.0199999809265137,1.0299999713897705,1.0199999809265137,1.0299999713897705,136331,,NSE
VCL,2024-12-11,1.0800000429153442,1.0800000429153442,1.0800000429153442,1.0800000429153442,217256,,NSE
VCL,2024-12-12,1.1299999952316284,1.1299999952316284,1.1200000047683716,1.1299999952316284,606260,,NSE
VCL,2024-12-13,1.1799999475479126,1.1799999475479126,1.0700000524520874,1.0700000524520874,640692,,NSE
VCL,2024-12-16,1.1200000047683716,1.1200000047683716,1.0099999904632568,1.0700000524520874,620892,,NSE
VCL,2024-12-17,1.0700000524520874,1.1200000047683716,1.0199999809265137,1.0299999713897705,279824,,NSE
VCL,2024-12-18,1.0299999713897705,1.0700000524520874,0.9800000190734863,1.0299999713897705,410534,,NSE
VCL,2024-12-19,1.0299999713897705,1.0800000429153442,0.9900000095367432,1.0099999904632568,263404,,NSE
VCL,2024-12-20,1.059999942779541,1.059999942779541,0.9900000095367432,1.0299999713897705,396161,,NSE
VCL,2024-12-23,1.0499999523162842,1.0499999523162842,0.9700000286102295,0.9800000190734863,304418,,NSE
VCL,2024-12-24,0.9599999785423279,1.0099999904632568,0.9599999785423279,0.9700000286102295,126379,,NSE
VCL,2024-12-26,1.0,1.0,0.9200000166893005,0.949999988079071,228013,,NSE
VCL,2024-12-27,0.9100000262260437,0.949999988079071,0.8999999761581421,0.9100000262260437,235945,,NSE
VCL,2024-12-30,0.8999999761581421,0.9300000071525574,0.8600000143051147,0.8700000047683716,242027,,NSE
VCL,2024-12-31,0.8299999833106995,0.9100000262260437,0.8299999833106995,0.8999999761581421,247915,,NSE
VCL,2025-01-01,0.9399999976158142,0.9399999976158142,0.8500000238418579,0.9300000071525574,209498,,NSE
VCL,2025-01-02,0.9300000071525574,0.9599999785423279,0.8999999761581421,0.9200000166893005,172421,,NSE
VCL,2025-01-03,0.9599999785423279,0.9599999785423279,0.8799999952316284,0.9399999976158142,251849,,NSE
VCL,2025-01-06,0.9300000071525574,0.9599999785423279,0.8899999856948853,0.8899999856948853,325254,,NSE
VCL,2025-01-07,0.8399999737739563,0.9200000166893005,0.8399999737739563,0.8700000047683716,345468,,NSE
VCL,2025-01-08,0.8999999761581421,0.8999999761581421,0.8299999833106995,0.8899999856948853,123953,,NSE
VCL,2025-01-09,0.8899999856948853,0.8899999856948853,0.8500000238418579,0.8799999952316284,133367,,NSE
VCL,2025-01-10,0.8799999952316284,0.8999999761581421,0.8600000143051147,0.8700000047683716,315241,,NSE
VCL,2025-01-13,0.8700000047683716,0.9100000262260437,0.8299999833106995,0.8399999737739563,145986,,NSE
VCL,2025-01-14,0.8799999952316284,0.8799999952316284,0.8399999737739563,0.8700000047683716,255072,,NSE
VCL,2025-01-15,0.8700000047683716,0.8999999761581421,0.8500000238418579,0.8700000047683716,81752,,NSE
VCL,2025-01-16,0.8899999856948853,0.8899999856948853,0.8500000238418579,0.8600000143051147,166290,,NSE
VCL,2025-01-17,0.8500000238418579,0.8799999952316284,0.8399999737739563,0.8700000047683716,135300,,NSE
VCL,2025-01-20,0.8999999761581421,0.8999999761581421,0.8700000047683716,0.8799999952316284,134964,,NSE
VCL,2025-01-21,0.8899999856948853,0.8899999856948853,0.8600000143051147,0.8799999952316284,177581,,NSE
VCL,2025-01-22,0.8899999856948853,0.8899999856948853,0.8500000238418579,0.8600000143051147,49531,,NSE
VCL,2025-01-23,0.8500000238418579,0.8899999856948853,0.8500000238418579,0.8700000047683716,51955,,NSE
VCL,2025-01-24,0.8700000047683716,0.8899999856948853,0.8500000238418579,0.8500000238418579,97599,,NSE
VCL,2025-01-27,0.8799999952316284,0.8799999952316284,0.800000011920929,0.800000011920929,141216,,NSE
VCL,2025-01-28,0.8299999833106995,0.8999999761581421,0.6700000166893005,0.8199999928474426,497810,,NSE
VCL,2025-01-29,0.8799999952316284,0.8799999952316284,0.6600000262260437,0.8199999928474426,187380,,NSE
VCL,2025-01-30,0.8199999928474426,0.8500000238418579,0.8100000023841858,0.8399999737739563,309402,,NSE
VCL,2025-01-31,0.8799999952316284,0.8799999952316284,0.8100000023841858,0.8299999833106995,223389,,NSE
VCL,2025-02-01,0.8799999952316284,0.8799999952316284,0.75,0.8199999928474426,203011,,NSE
VCL,2025-02-03,0.8700000047683716,0.8799999952316284,0.8299999833106995,0.8600000143051147,237357,,NSE
VCL,2025-02-04,0.8999999761581421,0.9200000166893005,0.8600000143051147,0.8700000047683716,115085,,NSE
VCL,2025-02-05,0.8700000047683716,0.8700000047683716,0.8500000238418579,0.8600000143051147,154949,,NSE
VCL,2025-02-06,0.8700000047683716,0.8700000047683716,0.8500000238418579,0.8600000143051147,254508,,NSE
VCL,2025-02-07,0.8600000143051147,0.8700000047683716,0.8500000238418579,0.8600000143051147,306511,,NSE
VCL,2025-02-10,0.8399999737739563,0.8700000047683716,0.7900000214576721,0.8500000238418579,207182,,NSE
VCL,2025-02-11,0.8600000143051147,0.8600000143051147,0.800000011920929,0.8100000023841858,176442,,NSE
VCL,2025-02-12,0.800000011920929,0.8399999737739563,0.75,0.8199999928474426,135804,,NSE
VCL,2025-02-13,0.8899999856948853,0.8899999856948853,0.75,0.8199999928474426,201145,,NSE
VCL,2025-02-14,0.8799999952316284,0.8799999952316284,0.7599999904632568,0.7900000214576721,150952,,NSE
VCL,2025-02-17,0.8100000023841858,0.8600000143051147,0.7799999713897705,0.8199999928474426,228774,,NSE
VCL,2025-02-18,0.8399999737739563,0.8399999737739563,0.7799999713897705,0.800000011920929,237332,,NSE
VCL,2025-02-19,0.6600000262260437,0.8299999833106995,0.6600000262260437,0.800000011920929,312666,,NSE
VCL,2025-02-20,0.8299999833106995,0.8299999833106995,0.7900000214576721,0.800000011920929,135987,,NSE
VCL,2025-02-21,0.8199999928474426,0.8199999928474426,0.7900000214576721,0.800000011920929,164557,,NSE
VCL,2025-02-24,0.8199999928474426,0.8199999928474426,0.7900000214576721,0.7900000214576721,196003,,NSE
VCL,2025-02-25,0.8100000023841858,0.8199999928474426,0.75,0.800000011920929,72906,,NSE
VCL,2025-02-27,0.7900000214576721,0.8199999928474426,0.7900000214576721,0.800000011920929,86192,,NSE
VCL,2025-02-28,0.800000011920929,0.949999988079071,0.75,0.7900000214576721,332784,,NSE
VCL,2025-03-03,0.8500000238418579,0.8500000238418579,0.75,0.7900000214576721,235145,,NSE
VCL,2025-03-04,0.7699999809265137,0.800000011920929,0.7699999809265137,0.7799999713897705,212463,,NSE
VCL,2025-03-05,0.7900000214576721,0.8100000023841858,0.7799999713897705,0.800000011920929,86485,,NSE
VCL,2025-03-06,0.8199999928474426,0.8299999833106995,0.800000011920929,0.8100000023841858,191463,,NSE
VCL,2025-03-07,0.8299999833106995,0.8299999833106995,0.800000011920929,0.8100000023841858,136232,,NSE
VCL,2025-03-10,0.8399999737739563,0.8399999737739563,0.7799999713897705,0.7900000214576721,137526,,NSE
VCL,2025-03-11,0.75,0.800000011920929,0.75,0.7900000214576721,85166,,NSE
VCL,2025-03-12,0.8299999833106995,0.8299999833106995,0.7799999713897705,0.800000011920929,194559,,NSE
VCL,2025-03-13,0.8500000238418579,0.8500000238418579,0.699999988079071,0.75,427446,,NSE
VCL,2025-03-17,0.800000011920929,0.800000011920929,0.7699999809265137,0.7699999809265137,257220,,NSE
VCL,2025-03-18,0.7699999809265137,0.7699999809265137,0.7699999809265137,0.7699999809265137,0,,NSE
VCL,2025-03-19,0.8299999833106995,0.8299999833106995,0.75,0.7699999809265137,161507,,NSE
VCL,2025-03-20,0.800000011920929,0.800000011920929,0.7599999904632568,0.7799999713897705,118420,,NSE
VCL,2025-03-21,0.8299999833106995,0.8299999833106995,0.7699999809265137,0.800000011920929,408774,,NSE
VCL,2025-03-24,0.75,0.8100000023841858,0.75,0.75,740330,,NSE
VCL,2025-03-25,0.800000011920929,0.800000011920929,0.7200000286102295,0.75,281706,,NSE
VCL,2025-03-26,0.7900000214576721,0.7900000214576721,0.7300000190734863,0.7300000190734863,186905,,NSE
VCL,2025-03-27,0.7400000095367432,0.7699999809265137,0.7099999785423279,0.7200000286102295,429805,,NSE
VCL,2025-03-28,0.6000000238418579,0.7200000286102295,0.6000000238418579,0.6499999761581421,953318,,NSE
VCL,2025-04-01,0.6700000166893005,0.7699999809265137,0.6499999761581421,0.7200000286102295,240392,,NSE
VCL,2025-04-02,0.7799999713897705,0.7900000214576721,0.6499999761581421,0.7200000286102295,190604,,NSE
VCL,2025-04-03,0.7799999713897705,0.7799999713897705,0.7200000286102295,0.7300000190734863,328225,,NSE
VCL,2025-04-04,0.7699999809265137,0.800000011920929,0.7300000190734863,0.75,496823,,NSE
VCL,2025-04-07,0.75,0.7900000214576721,0.6899999976158142,0.7699999809265137,394915,,NSE
VCL,2025-04-08,0.8399999737739563,0.8399999737739563,0.7400000095367432,0.7799999713897705,198986,,NSE
VCL,2025-04-09,0.699999988079071,0.800000011920929,0.699999988079071,0.7599999904632568,189895,,NSE
VCL,2025-04-11,0.7799999713897705,0.8799999952316284,0.75,0.7699999809265137,398006,,NSE
VCL,2025-04-15,0.7900000214576721,0.8100000023841858,0.7799999713897705,0.800000011920929,263064,,NSE
VCL,2025-04-16,0.8299999833106995,0.8299999833106995,0.7699999809265137,0.7799999713897705,273058,,NSE
VCL,2025-04-17,0.800000011920929,0.8100000023841858,0.75,0.7599999904632568,448318,,NSE
VCL,2025-04-21,0.7599999904632568,0.7799999713897705,0.7400000095367432,0.7599999904632568,296263,,NSE
VCL,2025-04-22,0.7599999904632568,0.7799999713897705,0.7599999904632568,0.7699999809265137,119330,,NSE
VCL,2025-04-23,0.7900000214576721,0.7900000214576721,0.7599999904632568,0.7699999809265137,143304,,NSE
VCL,2025-04-24,0.7799999713897705,0.7900000214576721,0.7599999904632568,0.7799999713897705,204403,,NSE
VCL,2025-04-25,0.7799999713897705,0.8100000023841858,0.7400000095367432,0.7699999809265137,172348,,NSE
VCL,2025-04-28,0.7699999809265137,0.7900000214576721,0.75,0.7599999904632568,143101,,NSE
VCL,2025-04-29,0.7799999713897705,0.7799999713897705,0.6899999976158142,0.7400000095367432,291567,,NSE
VCL,2025-04-30,0.7699999809265137,0.7699999809265137,0.699999988079071,0.75,203912,,NSE
VCL,2025-05-02,0.7599999904632568,0.7599999904632568,0.7300000190734863,0.7300000190734863,128001,,NSE
VCL,2025-05-05,0.7300000190734863,0.7400000095367432,0.7099999785423279,0.7300000190734863,75056,,NSE
VCL,2025-05-06,0.7300000190734863,0.800000011920929,0.7099999785423279,0.7400000095367432,156807,,NSE
VCL,2025-05-07,0.7400000095367432,0.75,0.699999988079071,0.7300000190734863,96939,,NSE
VCL,2025-05-08,0.7400000095367432,0.75,0.7099999785423279,0.7200000286102295,180173,,NSE
VCL,2025-05-09,0.7200000286102295,0.75,0.6899999976158142,0.6899999976158142,205487,,NSE
VCL,2025-05-12,0.6899999976158142,0.7599999904632568,0.6899999976158142,0.75,144387,,NSE
VCL,2025-05-13,0.7900000214576721,0.7900000214576721,0.7300000190734863,0.7599999904632568,379451,,NSE
VCL,2025-05-14,0.75,0.7799999713897705,0.75,0.75,220130,,NSE
VCL,2025-05-15,0.7599999904632568,0.800000011920929,0.7400000095367432,0.7799999713897705,303304,,NSE
VCL,2025-05-16,0.7799999713897705,0.800000011920929,0.7599999904632568,0.7599999904632568,341793,,NSE
VCL,2025-05-19,0.7599999904632568,0.7799999713897705,0.7599999904632568,0.7699999809265137,373078,,NSE
VCL,2025-05-20,0.7799999713897705,0.7900000214576721,0.7599999904632568,0.7699999809265137,179822,,NSE
VCL,2025-05-21,0.7599999904632568,0.7900000214576721,0.75,0.7699999809265137,189948,,NSE
VCL,2025-05-22,0.7900000214576721,0.7900000214576721,0.7699999809265137,0.7699999809265137,221582,,NSE
VCL,2025-05-23,0.7900000214576721,0.9200000166893005,0.7599999904632568,0.8399999737739563,982409,,NSE
VCL,2025-05-26,0.9700000286102295,1.0,0.9200000166893005,1.0,3117738,,NSE
VCL,2025-05-27,1.0099999904632568,1.100000023841858,0.9700000286102295,0.9800000190734863,2323974,,NSE
VCL,2025-05-28,1.0099999904632568,1.0499999523162842,0.9599999785423279,0.9800000190734863,3190376,,NSE
VCL,2025-05-29,1.0,1.0299999713897705,0.9800000190734863,1.0,557072,,NSE
VCL,2025-05-30,0.9599999785423279,1.0099999904632568,0.949999988079071,0.9900000095367432,827799,,NSE
VCL,2025-06-02,1.0099999904632568,1.0700000524520874,0.9800000190734863,0.9900000095367432,616577,,NSE
VCL,2025-06-03,1.0499999523162842,1.0499999523162842,0.9900000095367432,0.9900000095367432,505731,,NSE
VCL,2025-06-04,0.9800000190734863,1.0199999809265137,0.9599999785423279,1.0,3443435,,NSE
VCL,2025-06-05,1.0700000524520874,1.0700000524520874,0.9900000095367432,0.9900000095367432,233940,,NSE
VCL,2025-06-06,0.9900000095367432,1.0099999904632568,0.9599999785423279,0.9700000286102295,299940,,NSE
VCL,2025-06-09,0.949999988079071,1.0199999809265137,0.8600000143051147,0.9300000071525574,823545,,NSE
VCL,2025-06-10,0.9300000071525574,0.949999988079071,0.8799999952316284,0.9100000262260437,272120,,NSE
VCL,2025-06-11,0.9200000166893005,0.9300000071525574,0.8999999761581421,0.9100000262260437,245815,,NSE
VCL,2025-06-12,0.9300000071525574,0.9300000071525574,0.8600000143051147,0.8899999856948853,295194,,NSE
VCL,2025-06-13,0.8500000238418579,1.0,0.8500000238418579,0.8899999856948853,947995,,NSE
VCL,2025-06-16,0.8899999856948853,0.949999988079071,0.8600000143051147,0.8700000047683716,246404,,NSE
VCL,2025-06-17,0.8999999761581421,0.8999999761581421,0.8700000047683716,0.8700000047683716,173442,,NSE
VCL,2025-06-18,0.8700000047683716,0.8999999761581421,0.8199999928474426,0.8600000143051147,158982,,NSE
VCL,2025-06-19,0.8600000143051147,0.8899999856948853,0.8100000023841858,0.8399999737739563,157770,,NSE
VCL,2025-06-20,0.800000011920929,0.8700000047683716,0.800000011920929,0.8299999833106995,474875,,NSE
VCL,2025-06-23,0.8299999833106995,0.8700000047683716,0.8100000023841858,0.8600000143051147,291501,,NSE
VCL,2025-06-24,0.8999999761581421,0.8999999761581421,0.8299999833106995,0.8799999952316284,165530,,NSE
VCL,2025-06-25,0.8999999761581421,0.8999999761581421,0.8399999737739563,0.8600000143051147,131560,,NSE
VCL,2025-06-26,0.8500000238418579,0.8799999952316284,0.8199999928474426,0.8600000143051147,102172,,NSE
VCL,2025-06-27,0.8600000143051147,0.8899999856948853,0.8399999737739563,0.8700000047683716,182946,,NSE
VCL,2025-06-30,0.8999999761581421,0.8999999761581421,0.8600000143051147,0.8700000047683716,88884,,NSE
VCL,2025-07-01,0.8899999856948853,0.9100000262260437,0.8500000238418579,0.8899999856948853,538661,,NSE
VCL,2025-07-02,0.9100000262260437,0.9100000262260437,0.8399999737739563,0.8700000047683716,281890,,NSE
VCL,2025-07-03,0.8799999952316284,0.8799999952316284,0.8399999737739563,0.8399999737739563,90671,,NSE
VCL,2025-07-04,0.8500000238418579,0.8799999952316284,0.800000011920929,0.8700000047683716,227802,,NSE
VCL,2025-07-07,0.8700000047683716,0.8700000047683716,0.8500000238418579,0.8600000143051147,82106,,NSE
VCL,2025-07-08,0.8399999737739563,0.8899999856948853,0.8399999737739563,0.8500000238418579,213708,,NSE
VCL,2025-07-09,0.8500000238418579,0.8799999952316284,0.8500000238418579,0.8600000143051147,83711,,NSE
VCL,2025-07-10,0.8299999833106995,0.8600000143051147,0.8299999833106995,0.8399999737739563,104468,,NSE
VCL,2025-07-11,0.8399999737739563,0.8799999952316284,0.8299999833106995,0.8600000143051147,124905,,NSE
VCL,2025-07-14,0.8799999952316284,0.8799999952316284,0.8399999737739563,0.8500000238418579,79273,,NSE
VCL,2025-07-15,0.8199999928474426,0.8899999856948853,0.8199999928474426,0.8799999952316284,361620,,NSE
VCL,2025-07-16,0.8799999952316284,0.9200000166893005,0.8500000238418579,0.9200000166893005,414397,,NSE
VCL,2025-07-17,0.9200000166893005,0.9599999785423279,0.8999999761581421,0.9300000071525574,217242,,NSE
VCL,2025-07-18,0.949999988079071,0.949999988079071,0.8999999761581421,0.9399999976158142,391301,,NSE
VCL,2025-07-21,0.9100000262260437,0.9800000190734863,0.8899999856948853,0.9599999785423279,851885,,NSE
VCL,2025-07-22,0.949999988079071,1.0,0.9200000166893005,1.0,1981028,,NSE
VCL,2025-07-23,1.0,1.0499999523162842,1.0,1.0499999523162842,2964484,,NSE
VCL,2025-07-24,1.0499999523162842,1.100000023841858,1.0,1.100000023841858,3315969,,NSE
VCL,2025-07-25,1.149999976158142,1.149999976158142,1.149999976158142,1.149999976158142,767234,,NSE
VCL,2025-07-28,1.1699999570846558,1.1699999570846558,1.149999976158142,1.1699999570846558,2717778,,NSE
VCL,2025-07-29,1.190000057220459,1.190000057220459,1.190000057220459,1.190000057220459,490963,,NSE
VCL,2025-07-30,1.2100000381469727,1.2100000381469727,1.2100000381469727,1.2100000381469727,6254424,,NSE
VCL,2025-07-31,1.2300000190734863,1.2300000190734863,1.2100000381469727,1.2300000190734863,2286531,,NSE
VCL,2025-08-01,1.25,1.25,1.2300000190734863,1.25,488043,,NSE
VCL,2025-08-04,1.2699999809265137,1.2699999809265137,1.2699999809265137,1.2699999809265137,1416468,,NSE
VCL,2025-08-05,1.2599999904632568,1.2799999713897705,1.2599999904632568,1.2599999904632568,199383,,NSE
VCL,2025-08-06,1.2300000190734863,1.2300000190734863,1.2300000190734863,1.2300000190734863,48445,,NSE
VCL,2025-08-07,1.2000000476837158,1.2000000476837158,1.2000000476837158,1.2000000476837158,13570,,NSE
VCL,2025-08-08,1.1699999570846558,1.1699999570846558,1.1699999570846558,1.1699999570846558,18790,,NSE
VCL,2025-08-11,1.1399999856948853,1.1399999856948853,1.1399999856948853,1.1399999856948853,100327,,NSE
VCL,2025-08-12,1.1100000143051147,1.1100000143051147,1.1100000143051147,1.1100000143051147,559559,,NSE
VCL,2025-08-13,1.0800000429153442,1.0800000429153442,1.0800000429153442,1.0800000429153442,18157,,NSE
VCL,2025-08-14,1.0499999523162842,1.0499999523162842,1.0499999523162842,1.0499999523162842,228067,,NSE
VCL,2025-08-18,1.0199999809265137,1.0499999523162842,1.0199999809265137,1.0199999809265137,46041,,NSE
VCL,2025-08-19,1.0399999618530273,1.0399999618530273,1.0399999618530273,1.0399999618530273,286126,,NSE
VCL,2025-08-20,1.0099999904632568,1.0399999618530273,1.0099999904632568,1.0099999904632568,160316,,NSE
VCL,2025-08-21,0.9800000190734863,1.0,0.9800000190734863,0.9800000190734863,77916,,NSE
VCL,2025-08-22,0.9800000190734863,0.9800000190734863,0.9800000190734863,0.9800000190734863,78316,,NSE
VCL,2025-08-25,0.9900000095367432,0.9900000095367432,0.9800000190734863,0.9900000095367432,204293,,NSE
VCL,2025-08-26,1.0,1.0,0.9900000095367432,1.0,31903,,NSE
VCL,2025-08-28,1.0,1.0,1.0,1.0,62141,,NSE
VCL,2025-08-29,0.9900000095367432,0.9900000095367432,0.9800000190734863,0.9900000095367432,128220,,NSE
VCL,2025-09-01,0.9399999976158142,1.0299999713897705,0.9399999976158142,1.0299999713897705,126643,,NSE
VCL,2025-09-02,1.0299999713897705,1.0800000429153442,1.0299999713897705,1.0800000429153442,288390,,NSE
VCL,2025-09-03,1.1299999952316284,1.1299999952316284,1.1299999952316284,1.1299999952316284,204125,,NSE
VCL,2025-09-04,1.1799999475479126,1.1799999475479126,1.1799999475479126,1.1799999475479126,154979,,NSE
VCL,2025-09-05,1.2200000286102295,1.2300000190734863,1.1200000047683716,1.2200000286102295,815858,,NSE
VCL,2025-09-08,1.2599999904632568,1.2799999713897705,1.149999976158142,1.25,706519,,NSE
VCL,2025-09-09,1.309999942779541,1.309999942779541,1.1799999475479126,1.1799999475479126,256953,,NSE
VCL,2025-09-10,1.2200000286102295,1.2200000286102295,1.1200000047683716,1.1200000047683716,283359,,NSE
VCL,2025-09-11,1.0700000524520874,1.149999976158142,1.0700000524520874,1.0700000524520874,207650,,NSE
VCL,2025-09-12,1.090000033378601,1.1200000047683716,1.0299999713897705,1.1100000143051147,328039,,NSE
VCL,2025-09-15,1.1100000143051147,1.159999966621399,1.0499999523162842,1.1399999856948853,427412,,NSE
VCL,2025-09-16,1.190000057220459,1.190000057220459,1.100000023841858,1.1799999475479126,694624,,NSE
VCL,2025-09-17,1.1799999475479126,1.2300000190734863,1.1299999952316284,1.159999966621399,933933,,NSE
VCL,2025-09-18,1.2100000381469727,1.2100000381469727,1.100000023841858,1.1200000047683716,306984,,NSE
VCL,2025-09-19,1.1299999952316284,1.159999966621399,1.0700000524520874,1.1399999856948853,129019,,NSE
VCL,2025-09-22,1.1399999856948853,1.159999966621399,1.100000023841858,1.1100000143051147,260032,,NSE
VCL,2025-09-23,1.1299999952316284,1.149999976158142,1.0499999523162842,1.0499999523162842,3202523,,NSE
VCL,2025-09-24,1.0499999523162842,1.0499999523162842,0.9900000095367432,0.9900000095367432,575535,,NSE
VCL,2025-09-25,0.9800000190734863,1.0299999713897705,0.9599999785423279,1.0099999904632568,161458,,NSE
VCL,2025-09-26,1.0299999713897705,1.0299999713897705,0.9800000190734863,1.0299999713897705,179574,,NSE
VCL,2025-09-29,0.9800000190734863,1.0299999713897705,0.9800000190734863,1.0099999904632568,90523,,NSE
VCL,2025-09-30,1.0499999523162842,1.0499999523162842,0.9800000190734863,0.9800000190734863,241091,,NSE
VCL,2025-10-01,0.949999988079071,1.0199999809265137,0.949999988079071,1.0,196550,,NSE
VCL,2025-10-03,1.0099999904632568,1.0499999523162842,1.0099999904632568,1.0099999904632568,215209,,NSE
VCL,2025-10-06,0.9700000286102295,1.0299999713897705,0.9700000286102295,0.9900000095367432,187286,,NSE
VCL,2025-10-07,1.0099999904632568,1.0199999809265137,0.9700000286102295,0.9800000190734863,293350,,NSE
VCL,2025-10-08,1.0,1.0399999618530273,0.9700000286102295,0.9800000190734863,184681,,NSE
VCL,2025-10-09,1.0700000524520874,1.0700000524520874,1.0,1.0299999713897705,292230,,NSE
VCL,2025-10-10,1.0299999713897705,1.0399999618530273,0.9800000190734863,1.0199999809265137,101125,,NSE
VCL,2025-10-13,1.0199999809265137,1.0199999809265137,0.9700000286102295,0.9900000095367432,247790,,NSE
VCL,2025-10-14,1.0299999713897705,1.0299999713897705,0.949999988079071,0.9700000286102295,272829,,NSE
VCL,2025-10-15,0.9700000286102295,1.059999942779541,0.9700000286102295,0.9900000095367432,345402,,NSE
VCL,2025-10-16,1.0299999713897705,1.059999942779541,0.9800000190734863,0.9900000095367432,430832,,NSE
VCL,2025-10-17,1.0,1.0,0.9700000286102295,0.9900000095367432,218226,,NSE
VCL,2025-10-20,1.0,1.0,0.8999999761581421,0.9800000190734863,235673,,NSE
VCL,2025-10-21,0.9599999785423279,1.0299999713897705,0.9599999785423279,0.9900000095367432,55559,,NSE
VCL,2025-10-23,1.0099999904632568,1.0099999904632568,0.9700000286102295,0.9900000095367432,146944,,NSE
VCL,2025-10-24,1.0299999713897705,1.0299999713897705,0.9800000190734863,0.9900000095367432,839714,,NSE
VCL,2025-10-27,1.0499999523162842,1.0499999523162842,0.8899999856948853,0.9700000286102295,428756,,NSE
VCL,2025-10-28,0.9100000262260437,1.0,0.9100000262260437,0.9599999785423279,391698,,NSE
VCL,2025-10-29,0.9900000095367432,0.9900000095367432,0.8999999761581421,0.949999988079071,275343,,NSE
VCL,2025-10-30,0.9399999976158142,0.9800000190734863,0.9100000262260437,0.9200000166893005,305242,,NSE
VCL,2025-10-31,0.9200000166893005,0.9300000071525574,0.8999999761581421,0.9100000262260437,254370,,NSE
VCL,2025-11-03,0.8999999761581421,0.9300000071525574,0.8999999761581421,0.9100000262260437,179931,,NSE
VCL,2025-11-04,0.9200000166893005,0.9300000071525574,0.8799999952316284,0.8799999952316284,231071,,NSE
VCL,2025-11-06,0.9200000166893005,0.9200000166893005,0.8799999952316284,0.8999999761581421,145240,,NSE
VCL,2025-11-07,0.9200000166893005,0.9200000166893005,0.8799999952316284,0.9100000262260437,65390,,NSE
VCL,2025-11-10,0.9300000071525574,0.9300000071525574,0.8700000047683716,0.9100000262260437,241987,,NSE
VCL,2025-11-11,0.9300000071525574,0.949999988079071,0.8899999856948853,0.9300000071525574,147505,,NSE
VCL,2025-11-12,0.949999988079071,1.0199999809265137,0.9300000071525574,1.0099999904632568,917487,,NSE
VCL,2025-11-13,1.0199999809265137,1.1100000143051147,0.9900000095367432,1.0,277917,,NSE
VCL,2025-11-14,1.0199999809265137,1.100000023841858,0.9300000071525574,1.100000023841858,13299097,,NSE
